ds,y,city,max_rainfall,max_aqi,n_active_policies,is_monsoon,is_winter,exposure_score,avg_zone_risk
2024-01-01,152374.51,Ahmedabad,0.0,258.7,419.0,0,1,0.30522,0.3193973747016706
2024-01-08,0.0,Ahmedabad,0.0,219.9,380.0,0,1,0.13194,0.31912763157894736
2024-01-15,0.0,Ahmedabad,0.0,264.9,353.0,0,1,0.15893999999999997,0.3193841359773371
2024-01-22,0.0,Ahmedabad,0.0,252.7,340.0,0,1,0.15161999999999998,0.3194047058823529
2024-01-29,0.0,Ahmedabad,0.0,200.2,324.0,0,1,0.12011999999999999,0.3198716049382716
2024-02-05,0.0,Ahmedabad,0.0,258.5,301.0,0,1,0.1551,0.31961362126245846
2024-02-12,0.0,Ahmedabad,0.0,254.3,283.0,0,1,0.15258000000000002,0.31899081272084806
2024-02-19,0.0,Ahmedabad,0.0,281.0,261.0,0,1,0.1686,0.318083908045977
2024-02-26,0.0,Ahmedabad,0.0,271.0,240.0,0,1,0.1626,0.31710125
2024-03-04,0.0,Ahmedabad,0.0,135.0,223.0,0,0,0.081,0.3173789237668161
2024-03-11,0.0,Ahmedabad,0.0,118.5,211.0,0,0,0.0711,0.31735213270142176
2024-03-18,0.0,Ahmedabad,0.0,169.7,197.0,0,0,0.10182,0.31806192893401014
2024-03-25,0.0,Ahmedabad,0.0,196.5,191.0,0,0,0.1179,0.31826858638743455
2024-04-01,0.0,Ahmedabad,0.0,147.4,177.0,0,0,0.08844,0.3179531073446328
2024-04-08,0.0,Ahmedabad,0.0,172.2,167.0,0,0,0.10332,0.3187131736526946
2024-04-15,0.0,Ahmedabad,0.0,138.3,161.0,0,0,0.08298,0.3185006211180124
2024-04-22,0.0,Ahmedabad,0.0,141.6,153.0,0,0,0.08496,0.31828366013071896
2024-04-29,0.0,Ahmedabad,0.0,204.4,145.0,0,0,0.12264,0.3185779310344828
2024-05-06,43729.8,Ahmedabad,168.7,133.8,136.0,0,0,0.56768,0.3202639705882353
2024-05-13,0.0,Ahmedabad,0.0,142.7,130.0,0,0,0.08561999999999999,0.3200392307692308
2024-05-20,0.0,Ahmedabad,0.0,162.9,124.0,0,0,0.09774000000000001,0.3201064516129032
2024-05-27,0.0,Ahmedabad,0.0,107.5,119.0,0,0,0.0645,0.3210117647058824
2024-06-03,0.0,Ahmedabad,55.3,122.2,113.0,1,0,0.18391999999999997,0.32051327433628324
2024-06-10,0.0,Ahmedabad,44.4,87.9,107.0,1,0,0.14154,0.32056355140186915
2024-06-17,0.0,Ahmedabad,0.0,94.8,97.0,1,0,0.05687999999999999,0.3203360824742268
2024-06-24,0.0,Ahmedabad,49.6,115.5,92.0,1,0,0.1685,0.32211521739130433
2024-07-01,0.0,Ahmedabad,0.0,110.4,83.0,1,0,0.06624000000000001,0.32299036144578314
2024-07-08,20132.46,Ahmedabad,74.3,65.1,75.0,1,0,0.33765999999999996,0.32349466666666665
2024-07-15,23656.59,Ahmedabad,0.0,96.6,74.0,1,0,0.20795999999999998,0.32329594594594596
2024-07-22,0.0,Ahmedabad,0.0,105.7,69.0,1,0,0.06342,0.32460144927536233
2024-07-29,0.0,Ahmedabad,11.7,119.4,64.0,1,0,0.09504,0.3237484375
2024-08-05,0.0,Ahmedabad,7.0,77.9,60.0,1,0,0.06074,0.32355666666666666
2024-08-12,13227.09,Ahmedabad,89.7,97.9,60.0,1,0,0.23814000000000002,0.32355666666666666
2024-08-19,0.0,Ahmedabad,40.1,115.9,55.0,1,0,0.14974,0.3266290909090909
2024-08-26,0.0,Ahmedabad,0.0,115.3,52.0,1,0,0.06917999999999999,0.3267826923076923
2024-09-02,0.0,Ahmedabad,0.0,110.2,49.0,1,0,0.06612,0.3289265306122449
2024-09-09,0.0,Ahmedabad,0.0,101.5,46.0,1,0,0.0609,0.3303608695652174
2024-09-16,9399.71,Ahmedabad,130.7,103.8,45.0,1,0,0.32368,0.3301866666666667
2024-09-23,0.0,Ahmedabad,0.0,153.3,41.0,1,0,0.09198,0.33042926829268293
2024-09-30,0.0,Ahmedabad,0.0,107.0,38.0,1,0,0.0642,0.3319842105263158
2024-10-07,0.0,Ahmedabad,0.0,131.3,34.0,1,0,0.07878,0.3310676470588235
2024-10-14,0.0,Ahmedabad,0.0,32.2,32.0,1,0,0.01932,0.3302125
2024-10-21,0.0,Ahmedabad,0.0,70.9,31.0,1,0,0.04254,0.3316096774193548
2024-10-28,0.0,Ahmedabad,0.0,138.2,29.0,1,0,0.08292,0.3301
2024-11-04,0.0,Ahmedabad,8.4,204.9,27.0,0,1,0.13974,0.33039999999999997
2024-11-11,0.0,Ahmedabad,0.0,212.6,24.0,0,1,0.12755999999999998,0.3304375
2024-11-18,0.0,Ahmedabad,0.0,178.7,22.0,0,1,0.10722,0.3265954545454546
2024-11-25,0.0,Ahmedabad,0.0,279.7,20.0,0,1,0.16782,0.32237499999999997
2024-12-02,0.0,Ahmedabad,0.0,248.7,19.0,0,1,0.14922,0.31993157894736846
2024-12-09,0.0,Ahmedabad,0.0,317.5,15.0,0,1,0.1905,0.31617333333333336
2024-12-16,0.0,Ahmedabad,0.0,194.6,15.0,0,1,0.11675999999999999,0.31617333333333336
2024-12-23,0.0,Ahmedabad,0.0,237.5,14.0,0,1,0.1425,0.3161714285714286
2024-12-30,0.0,Ahmedabad,0.0,256.9,14.0,0,1,0.15413999999999997,0.3161714285714286
2025-01-06,0.0,Ahmedabad,0.0,244.5,13.0,0,1,0.1467,0.3184230769230769
2025-01-13,0.0,Ahmedabad,0.0,298.9,12.0,0,1,0.17934,0.322
2025-01-20,0.0,Ahmedabad,0.0,275.6,11.0,0,1,0.16536,0.31774545454545455
2025-01-27,0.0,Ahmedabad,0.0,340.6,10.0,0,1,0.20436,0.31823
2025-02-03,0.0,Ahmedabad,0.0,247.5,10.0,0,1,0.1485,0.31823
2025-02-10,0.0,Ahmedabad,0.0,242.8,10.0,0,1,0.14568,0.31823
2025-02-17,0.0,Ahmedabad,0.0,265.2,10.0,0,1,0.15911999999999998,0.31823
2025-02-24,0.0,Ahmedabad,0.0,310.1,10.0,0,1,0.18606000000000003,0.31823
2025-03-03,0.0,Ahmedabad,0.0,164.4,10.0,0,0,0.09864,0.31823
2025-03-10,0.0,Ahmedabad,0.0,73.0,9.0,0,0,0.0438,0.3229777777777778
2025-03-17,0.0,Ahmedabad,0.0,173.5,8.0,0,0,0.10409999999999998,0.3274875
2025-03-24,3548.96,Ahmedabad,0.0,122.3,8.0,0,0,0.22337999999999997,0.3274875
2025-03-31,0.0,Ahmedabad,0.0,157.5,8.0,0,0,0.0945,0.3274875
2025-04-07,0.0,Ahmedabad,0.0,109.6,5.0,0,0,0.06575999999999999,0.32116
2025-04-14,0.0,Ahmedabad,0.0,132.0,5.0,0,0,0.0792,0.32116
2025-04-21,0.0,Ahmedabad,0.0,85.8,4.0,0,0,0.05148,0.334275
2025-04-28,0.0,Ahmedabad,0.0,81.4,4.0,0,0,0.04884,0.334275
2025-05-05,0.0,Ahmedabad,0.0,175.2,4.0,0,0,0.10511999999999999,0.334275
2025-05-12,0.0,Ahmedabad,0.0,130.8,3.0,0,0,0.07848,0.32276666666666665
2025-05-19,0.0,Ahmedabad,0.0,125.9,3.0,0,0,0.07554000000000001,0.32276666666666665
2025-05-26,0.0,Ahmedabad,0.0,193.3,3.0,0,0,0.11598,0.32276666666666665
2025-06-02,0.0,Ahmedabad,51.4,96.4,3.0,1,0,0.16064,0.32276666666666665
2025-06-09,0.0,Ahmedabad,23.8,133.9,3.0,1,0,0.12794,0.32276666666666665
2025-06-16,1064.57,Ahmedabad,177.8,130.8,3.0,1,0,0.58408,0.32276666666666665
2025-06-23,0.0,Ahmedabad,0.0,98.2,3.0,1,0,0.05892,0.32276666666666665
2025-06-30,0.0,Ahmedabad,0.0,82.1,3.0,1,0,0.04925999999999999,0.32276666666666665
2025-07-07,0.0,Ahmedabad,0.0,145.4,2.0,1,0,0.08724,0.29585
2025-07-14,0.0,Ahmedabad,53.5,66.1,2.0,1,0,0.14666,0.29585
2025-07-21,809.27,Ahmedabad,91.8,82.7,2.0,1,0,0.38322,0.29585
2025-07-28,0.0,Ahmedabad,0.0,199.1,2.0,1,0,0.11946,0.29585
2025-08-04,0.0,Ahmedabad,0.0,97.3,1.0,1,0,0.058379999999999994,0.2755
2025-08-11,0.0,Ahmedabad,20.0,76.1,1.0,1,0,0.08566000000000001,0.2755
2025-08-18,0.0,Ahmedabad,115.2,114.8,1.0,1,0,0.44928,0.2755
2025-08-25,0.0,Ahmedabad,45.5,95.3,0.0,1,0,0.14818,0.0
2025-09-01,0.0,Ahmedabad,0.0,65.3,0.0,1,0,0.03918,0.0
2025-09-08,0.0,Ahmedabad,0.0,80.0,0.0,1,0,0.048,0.0
2025-09-15,0.0,Ahmedabad,0.0,46.3,0.0,1,0,0.027779999999999996,0.0
2025-09-22,0.0,Ahmedabad,0.0,99.8,0.0,1,0,0.20987999999999998,0.0
2025-09-29,0.0,Ahmedabad,0.0,95.1,0.0,1,0,0.05705999999999999,0.0
2025-10-06,0.0,Ahmedabad,172.3,128.5,0.0,1,0,0.5717,0.0
2025-10-13,0.0,Ahmedabad,44.0,110.3,0.0,1,0,0.30418,0.0
2025-10-20,0.0,Ahmedabad,0.0,121.4,0.0,1,0,0.07284,0.0
2025-10-27,0.0,Ahmedabad,0.0,68.2,0.0,1,0,0.04092,0.0
2025-11-03,0.0,Ahmedabad,0.0,264.3,0.0,0,1,0.15858000000000003,0.0
2025-11-10,0.0,Ahmedabad,0.0,259.9,0.0,0,1,0.15593999999999997,0.0
2025-11-17,0.0,Ahmedabad,0.0,232.7,0.0,0,1,0.13962,0.0
2025-11-24,0.0,Ahmedabad,0.0,260.7,0.0,0,1,0.15641999999999998,0.0
2025-12-01,0.0,Ahmedabad,0.0,187.1,0.0,0,1,0.11225999999999998,0.0
2025-12-08,0.0,Ahmedabad,0.0,222.7,0.0,0,1,0.13362,0.0
2025-12-15,0.0,Ahmedabad,0.0,192.8,0.0,0,1,0.11567999999999999,0.0
2025-12-22,0.0,Ahmedabad,0.0,241.8,0.0,0,1,0.14508000000000001,0.0
2025-12-29,0.0,Ahmedabad,0.0,289.9,0.0,0,1,0.17393999999999998,0.0
2026-01-05,0.0,Ahmedabad,0.0,258.1,0.0,0,1,0.15486,0.0
2026-01-12,0.0,Ahmedabad,0.0,290.4,0.0,0,1,0.17423999999999998,0.0
2026-01-19,0.0,Ahmedabad,0.0,239.3,0.0,0,1,0.14358,0.0
2026-01-26,0.0,Ahmedabad,0.0,252.8,0.0,0,1,0.15168,0.0
2026-02-02,0.0,Ahmedabad,0.0,268.3,0.0,0,1,0.16098,0.0
2026-02-09,0.0,Ahmedabad,0.0,224.6,0.0,0,1,0.28476,0.0
2026-02-16,0.0,Ahmedabad,30.9,272.6,0.0,0,1,0.22536,0.0
2026-02-23,0.0,Ahmedabad,0.0,217.8,0.0,0,1,0.13068000000000002,0.0
2026-03-02,0.0,Ahmedabad,0.0,132.8,0.0,0,0,0.07968,0.0
2026-03-09,0.0,Ahmedabad,0.0,149.3,0.0,0,0,0.08958,0.0
2026-03-16,0.0,Ahmedabad,0.0,157.4,0.0,0,0,0.09444000000000001,0.0
2026-03-23,0.0,Ahmedabad,0.0,164.2,0.0,0,0,0.09851999999999998,0.0
2026-03-30,0.0,Ahmedabad,0.0,105.4,0.0,0,0,0.06324,0.0
2026-04-06,0.0,Ahmedabad,0.0,164.3,0.0,0,0,0.09858,0.0
2026-04-13,0.0,Ahmedabad,0.0,105.5,0.0,0,0,0.0633,0.0
2026-04-20,0.0,Ahmedabad,109.7,141.8,0.0,0,0,0.45448,0.0
2026-04-27,0.0,Ahmedabad,0.0,90.6,0.0,0,0,0.20435999999999999,0.0
2026-05-04,0.0,Ahmedabad,0.0,155.6,0.0,0,0,0.09335999999999998,0.0
2026-05-11,0.0,Ahmedabad,0.0,130.4,0.0,0,0,0.07824,0.0
2026-05-18,0.0,Ahmedabad,0.0,108.9,0.0,0,0,0.06534000000000001,0.0
2026-05-25,0.0,Ahmedabad,196.0,128.8,0.0,0,0,0.61928,0.0
2026-06-01,0.0,Ahmedabad,18.8,122.1,0.0,1,0,0.11085999999999999,0.0
2026-06-08,0.0,Ahmedabad,60.5,70.6,0.0,1,0,0.16336,0.0
2026-06-15,0.0,Ahmedabad,0.0,72.1,0.0,1,0,0.04326,0.0
2026-06-22,0.0,Ahmedabad,14.1,106.3,0.0,1,0,0.09197999999999999,0.0
2026-06-29,0.0,Ahmedabad,0.0,87.3,0.0,1,0,0.05238,0.0
2026-07-06,0.0,Ahmedabad,31.2,95.9,0.0,1,0,0.11993999999999999,0.0
2026-07-13,0.0,Ahmedabad,0.0,89.6,0.0,1,0,0.053759999999999995,0.0
2026-07-20,0.0,Ahmedabad,0.0,111.2,0.0,1,0,0.06672,0.0
2026-07-27,0.0,Ahmedabad,24.5,59.8,0.0,1,0,0.08488,0.0
2026-08-03,0.0,Ahmedabad,72.6,130.6,0.0,1,0,0.37356,0.0
2026-08-10,0.0,Ahmedabad,0.0,115.7,0.0,1,0,0.06942,0.0
2026-08-17,0.0,Ahmedabad,0.0,37.3,0.0,1,0,0.02238,0.0
2026-08-24,0.0,Ahmedabad,0.0,130.4,0.0,1,0,0.07824,0.0
2026-08-31,0.0,Ahmedabad,0.0,57.0,0.0,1,0,0.0342,0.0
2026-09-07,0.0,Ahmedabad,0.0,129.5,0.0,1,0,0.0777,0.0
2026-09-14,0.0,Ahmedabad,0.0,87.8,0.0,1,0,0.05268,0.0
2026-09-21,0.0,Ahmedabad,0.0,59.8,0.0,1,0,0.035879999999999995,0.0
2026-09-28,0.0,Ahmedabad,0.0,75.7,0.0,1,0,0.04542,0.0
2026-10-05,0.0,Ahmedabad,186.6,151.8,0.0,1,0,0.6142799999999999,0.0
2026-10-12,0.0,Ahmedabad,0.0,96.9,0.0,1,0,0.05814,0.0
2026-10-19,0.0,Ahmedabad,25.2,62.8,0.0,1,0,0.08807999999999999,0.0
2026-10-26,0.0,Ahmedabad,0.0,61.4,0.0,1,0,0.03684,0.0
2026-11-02,0.0,Ahmedabad,0.0,241.1,0.0,0,1,0.14465999999999998,0.0
2026-11-09,0.0,Ahmedabad,0.0,252.1,0.0,0,1,0.15125999999999998,0.0
2026-11-16,0.0,Ahmedabad,0.0,334.0,0.0,0,1,0.2004,0.0
2026-11-23,0.0,Ahmedabad,0.0,153.2,0.0,0,1,0.09191999999999999,0.0
2026-11-30,0.0,Ahmedabad,0.0,312.0,0.0,0,1,0.1872,0.0
2026-12-07,0.0,Ahmedabad,0.0,200.3,0.0,0,1,0.12018,0.0
2026-12-14,0.0,Ahmedabad,0.0,220.2,0.0,0,1,0.13212,0.0
2026-12-21,0.0,Ahmedabad,0.0,190.3,0.0,0,1,0.11418,0.0
2024-01-01,0.0,Bengaluru,0.0,167.7,783.0,0,1,0.10061999999999999,0.3783192848020434
2024-01-08,0.0,Bengaluru,0.0,135.7,713.0,0,1,0.08141999999999999,0.3774835904628331
2024-01-15,0.0,Bengaluru,0.0,149.1,671.0,0,1,0.08945999999999998,0.37693368107302533
2024-01-22,0.0,Bengaluru,0.0,177.9,637.0,0,1,0.10674,0.37869529042386185
2024-01-29,0.0,Bengaluru,0.0,193.5,611.0,0,1,0.1161,0.37860687397708676
2024-02-05,0.0,Bengaluru,0.0,155.6,571.0,0,1,0.09335999999999998,0.3802173380035026
2024-02-12,0.0,Bengaluru,0.0,167.9,538.0,0,1,0.10074,0.3809330855018587
2024-02-19,0.0,Bengaluru,0.0,137.5,510.0,0,1,0.0825,0.37790823529411766
2024-02-26,0.0,Bengaluru,0.0,111.8,479.0,0,1,0.06708,0.3787390396659708
2024-03-04,0.0,Bengaluru,10.7,82.4,455.0,0,0,0.07084,0.3806279120879121
2024-03-11,0.0,Bengaluru,39.5,110.3,432.0,0,0,0.14518,0.3808555555555555
2024-03-18,0.0,Bengaluru,0.0,118.4,407.0,0,0,0.07104,0.38130147420147414
2024-03-25,0.0,Bengaluru,0.0,114.7,380.0,0,0,0.06881999999999999,0.3788689473684211
2024-04-01,0.0,Bengaluru,0.0,104.9,359.0,0,0,0.06294,0.37852646239554316
2024-04-08,0.0,Bengaluru,53.4,85.2,333.0,0,0,0.15792,0.380509009009009
2024-04-15,0.0,Bengaluru,0.0,82.7,325.0,0,0,0.049620000000000004,0.3812553846153846
2024-04-22,0.0,Bengaluru,22.0,72.4,308.0,0,0,0.08744,0.3823253246753247
2024-04-29,0.0,Bengaluru,0.0,54.4,289.0,0,0,0.032639999999999995,0.38256712802768167
2024-05-06,0.0,Bengaluru,0.0,85.5,268.0,0,0,0.051300000000000005,0.3828992537313433
2024-05-13,0.0,Bengaluru,0.0,47.6,248.0,0,0,0.028560000000000002,0.3783435483870968
2024-05-20,0.0,Bengaluru,0.0,66.3,234.0,0,0,0.039779999999999996,0.3782935897435898
2024-05-27,0.0,Bengaluru,0.0,98.9,217.0,0,0,0.05934,0.37648986175115207
2024-06-03,0.0,Bengaluru,0.0,37.2,206.0,1,0,0.022320000000000003,0.3765514563106796
2024-06-10,0.0,Bengaluru,31.3,72.0,196.0,1,0,0.1058,0.37838214285714283
2024-06-17,0.0,Bengaluru,0.0,89.3,184.0,1,0,0.053579999999999996,0.3780576086956522
2024-06-24,0.0,Bengaluru,0.0,92.9,175.0,1,0,0.055740000000000005,0.37577085714285713
2024-07-01,0.0,Bengaluru,0.0,53.0,164.0,1,0,0.031799999999999995,0.37690060975609757
2024-07-08,0.0,Bengaluru,0.0,50.0,152.0,1,0,0.03,0.3795039473684211
2024-07-15,0.0,Bengaluru,11.8,30.0,139.0,1,0,0.0416,0.3785532374100719
2024-07-22,54431.67,Bengaluru,87.5,62.9,128.0,1,0,0.21274,0.37968515625
2024-07-29,0.0,Bengaluru,20.2,51.6,121.0,1,0,0.07135999999999999,0.38157024793388433
2024-08-05,0.0,Bengaluru,50.3,62.2,114.0,1,0,0.13792000000000001,0.3855438596491228
2024-08-12,0.0,Bengaluru,60.2,67.7,101.0,1,0,0.16102,0.3894079207920792
2024-08-19,0.0,Bengaluru,0.0,60.1,95.0,1,0,0.03606,0.38985684210526317
2024-08-26,0.0,Bengaluru,18.8,34.4,87.0,1,0,0.05824,0.37760229885057467
2024-09-02,30257.02,Bengaluru,64.5,63.0,81.0,1,0,0.1668,0.3783469135802469
2024-09-09,24765.5,Bengaluru,186.8,38.9,72.0,1,0,0.39694,0.37626111111111116
2024-09-16,0.0,Bengaluru,0.0,50.5,68.0,1,0,0.0303,0.37818823529411766
2024-09-23,0.0,Bengaluru,0.0,50.7,65.0,1,0,0.03042,0.3718430769230769
2024-09-30,0.0,Bengaluru,0.0,43.5,61.0,1,0,0.026099999999999998,0.36722295081967216
2024-10-07,12887.31,Bengaluru,70.3,83.4,58.0,1,0,0.34064,0.36792068965517244
2024-10-14,0.0,Bengaluru,0.0,30.0,50.0,1,0,0.018,0.367936
2024-10-21,0.0,Bengaluru,0.0,49.6,47.0,1,0,0.029759999999999998,0.36963404255319154
2024-10-28,0.0,Bengaluru,0.0,89.9,46.0,1,0,0.05394,0.3697521739130435
2024-11-04,0.0,Bengaluru,0.0,157.4,45.0,0,1,0.09444000000000001,0.36947555555555556
2024-11-11,0.0,Bengaluru,0.0,138.9,43.0,0,1,0.08334,0.3672720930232558
2024-11-18,10814.22,Bengaluru,95.6,124.1,37.0,0,1,0.26566,0.3652405405405405
2024-11-25,0.0,Bengaluru,0.0,146.9,37.0,0,1,0.08814,0.3652405405405405
2024-12-02,0.0,Bengaluru,0.0,160.5,34.0,0,1,0.0963,0.3521794117647059
2024-12-09,0.0,Bengaluru,0.0,142.4,32.0,0,1,0.08544,0.353153125
2024-12-16,0.0,Bengaluru,0.0,146.4,26.0,0,1,0.08784,0.3574346153846154
2024-12-23,0.0,Bengaluru,0.0,196.6,25.0,0,1,0.11796,0.359332
2024-12-30,0.0,Bengaluru,5.3,173.7,20.0,0,1,0.11481999999999999,0.367485
2025-01-06,0.0,Bengaluru,0.0,136.5,19.0,0,1,0.0819,0.3665842105263158
2025-01-13,0.0,Bengaluru,0.0,173.4,15.0,0,1,0.10404,0.37244666666666665
2025-01-20,0.0,Bengaluru,0.0,157.1,14.0,0,1,0.09426,0.3633357142857143
2025-01-27,0.0,Bengaluru,0.0,169.2,12.0,0,1,0.10151999999999999,0.3640333333333334
2025-02-03,0.0,Bengaluru,49.8,177.9,10.0,0,1,0.20634000000000002,0.37079
2025-02-10,0.0,Bengaluru,0.0,178.0,8.0,0,1,0.10679999999999999,0.3746
2025-02-17,0.0,Bengaluru,63.1,138.7,7.0,0,1,0.20942,0.38152857142857144
2025-02-24,0.0,Bengaluru,0.0,151.1,7.0,0,1,0.09065999999999999,0.38152857142857144
2025-03-03,0.0,Bengaluru,0.0,103.4,7.0,0,0,0.06204,0.38152857142857144
2025-03-10,0.0,Bengaluru,0.0,114.6,6.0,0,0,0.06875999999999999,0.39345
2025-03-17,3094.15,Bengaluru,0.0,108.4,6.0,0,0,0.21504,0.39345
2025-03-24,0.0,Bengaluru,0.0,82.1,5.0,0,0,0.04925999999999999,0.40540000000000004
2025-03-31,0.0,Bengaluru,12.9,75.9,3.0,0,0,0.07134000000000001,0.4168
2025-04-07,0.0,Bengaluru,0.0,81.1,3.0,0,0,0.048659999999999995,0.4168
2025-04-14,0.0,Bengaluru,0.0,76.1,2.0,0,0,0.04566,0.3752
2025-04-21,0.0,Bengaluru,0.0,62.0,1.0,0,0,0.0372,0.373
2025-04-28,0.0,Bengaluru,0.0,88.5,1.0,0,0,0.053099999999999994,0.373
2025-05-05,0.0,Bengaluru,0.0,78.0,1.0,0,0,0.0468,0.373
2025-05-12,0.0,Bengaluru,0.0,52.5,1.0,0,0,0.0315,0.373
2025-05-19,0.0,Bengaluru,0.0,120.2,1.0,0,0,0.07212,0.373
2025-05-26,0.0,Bengaluru,0.0,102.1,0.0,0,0,0.061259999999999995,0.0
2025-06-02,0.0,Bengaluru,106.1,30.9,0.0,1,0,0.23074,0.0
2025-06-09,0.0,Bengaluru,0.0,36.4,0.0,1,0,0.021840000000000002,0.0
2025-06-16,0.0,Bengaluru,0.0,30.0,0.0,1,0,0.018,0.0
2025-06-23,0.0,Bengaluru,0.0,75.3,0.0,1,0,0.19518,0.0
2025-06-30,0.0,Bengaluru,32.0,41.2,0.0,1,0,0.08872,0.0
2025-07-07,0.0,Bengaluru,54.2,62.4,0.0,1,0,0.14584,0.0
2025-07-14,0.0,Bengaluru,52.1,56.6,0.0,1,0,0.13816,0.0
2025-07-21,0.0,Bengaluru,0.0,59.4,0.0,1,0,0.03564,0.0
2025-07-28,0.0,Bengaluru,137.1,67.9,0.0,1,0,0.46494,0.0
2025-08-04,0.0,Bengaluru,24.3,57.6,0.0,1,0,0.08316000000000001,0.0
2025-08-11,0.0,Bengaluru,35.5,85.6,0.0,1,0,0.12236,0.0
2025-08-18,0.0,Bengaluru,193.4,37.9,0.0,1,0,0.40954,0.0
2025-08-25,0.0,Bengaluru,14.9,52.3,0.0,1,0,0.06118,0.0
2025-09-01,0.0,Bengaluru,47.3,67.0,0.0,1,0,0.1348,0.0
2025-09-08,0.0,Bengaluru,0.0,57.0,0.0,1,0,0.0342,0.0
2025-09-15,0.0,Bengaluru,54.6,37.3,0.0,1,0,0.13158000000000003,0.0
2025-09-22,0.0,Bengaluru,20.9,96.6,0.0,1,0,0.09975999999999999,0.0
2025-09-29,0.0,Bengaluru,0.0,53.9,0.0,1,0,0.032339999999999994,0.0
2025-10-06,0.0,Bengaluru,58.7,47.9,0.0,1,0,0.14614000000000002,0.0
2025-10-13,0.0,Bengaluru,72.6,109.1,0.0,1,0,0.36066,0.0
2025-10-20,0.0,Bengaluru,35.0,59.3,0.0,1,0,0.10558,0.0
2025-10-27,0.0,Bengaluru,107.7,67.3,0.0,1,0,0.25578,0.0
2025-11-03,0.0,Bengaluru,0.0,167.4,0.0,0,1,0.10043999999999999,0.0
2025-11-10,0.0,Bengaluru,0.0,143.5,0.0,0,1,0.0861,0.0
2025-11-17,0.0,Bengaluru,0.0,184.5,0.0,0,1,0.11069999999999999,0.0
2025-11-24,0.0,Bengaluru,0.0,123.5,0.0,0,1,0.0741,0.0
2025-12-01,0.0,Bengaluru,0.0,172.8,0.0,0,1,0.25368,0.0
2025-12-08,0.0,Bengaluru,0.0,161.5,0.0,0,1,0.0969,0.0
2025-12-15,0.0,Bengaluru,0.0,183.9,0.0,0,1,0.11034000000000001,0.0
2025-12-22,0.0,Bengaluru,0.0,136.2,0.0,0,1,0.08171999999999999,0.0
2025-12-29,0.0,Bengaluru,0.0,142.1,0.0,0,1,0.08526,0.0
2026-01-05,0.0,Bengaluru,0.0,176.7,0.0,0,1,0.10601999999999999,0.0
2026-01-12,0.0,Bengaluru,0.0,167.9,0.0,0,1,0.10074,0.0
2026-01-19,0.0,Bengaluru,0.0,145.4,0.0,0,1,0.08724,0.0
2026-01-26,0.0,Bengaluru,123.8,156.4,0.0,0,1,0.34144,0.0
2026-02-02,0.0,Bengaluru,0.0,167.7,0.0,0,1,0.10061999999999999,0.0
2026-02-09,0.0,Bengaluru,0.0,150.7,0.0,0,1,0.09042,0.0
2026-02-16,0.0,Bengaluru,0.0,135.0,0.0,0,1,0.081,0.0
2026-02-23,0.0,Bengaluru,0.0,116.8,0.0,0,1,0.07008,0.0
2026-03-02,0.0,Bengaluru,0.0,97.6,0.0,0,0,0.058559999999999994,0.0
2026-03-09,0.0,Bengaluru,27.2,65.4,0.0,0,0,0.09364,0.0
2026-03-16,0.0,Bengaluru,0.0,81.9,0.0,0,0,0.049139999999999996,0.0
2026-03-23,0.0,Bengaluru,0.0,132.8,0.0,0,0,0.07968,0.0
2026-03-30,0.0,Bengaluru,0.0,65.3,0.0,0,0,0.03918,0.0
2026-04-06,0.0,Bengaluru,0.0,30.0,0.0,0,0,0.018,0.0
2026-04-13,0.0,Bengaluru,0.0,81.3,0.0,0,0,0.04878,0.0
2026-04-20,0.0,Bengaluru,0.0,78.6,0.0,0,0,0.047159999999999994,0.0
2026-04-27,0.0,Bengaluru,0.0,100.2,0.0,0,0,0.06011999999999999,0.0
2026-05-04,0.0,Bengaluru,0.0,51.3,0.0,0,0,0.03078,0.0
2026-05-11,0.0,Bengaluru,0.0,73.8,0.0,0,0,0.04427999999999999,0.0
2026-05-18,0.0,Bengaluru,0.0,135.3,0.0,0,0,0.08118,0.0
2026-05-25,0.0,Bengaluru,0.0,91.7,0.0,0,0,0.05502,0.0
2026-06-01,0.0,Bengaluru,154.9,30.0,0.0,1,0,0.3278000000000001,0.0
2026-06-08,0.0,Bengaluru,60.9,93.3,0.0,1,0,0.17778,0.0
2026-06-15,0.0,Bengaluru,38.3,30.0,0.0,1,0,0.0946,0.0
2026-06-22,0.0,Bengaluru,152.3,65.4,0.0,1,0,0.49384000000000006,0.0
2026-06-29,0.0,Bengaluru,0.0,78.2,0.0,1,0,0.04692,0.0
2026-07-06,0.0,Bengaluru,39.8,50.2,0.0,1,0,0.10972000000000001,0.0
2026-07-13,0.0,Bengaluru,99.1,45.0,0.0,1,0,0.3752,0.0
2026-07-20,0.0,Bengaluru,8.7,63.4,0.0,1,0,0.055439999999999996,0.0
2026-07-27,0.0,Bengaluru,102.0,75.7,0.0,1,0,0.24942000000000003,0.0
2026-08-03,0.0,Bengaluru,0.0,31.0,0.0,1,0,0.0186,0.0
2026-08-10,0.0,Bengaluru,85.1,100.8,0.0,1,0,0.23068000000000002,0.0
2026-08-17,0.0,Bengaluru,87.3,78.4,0.0,1,0,0.37163999999999997,0.0
2026-08-24,0.0,Bengaluru,40.6,50.6,0.0,1,0,0.11156,0.0
2026-08-31,0.0,Bengaluru,40.3,45.0,0.0,1,0,0.1076,0.0
2026-09-07,0.0,Bengaluru,13.3,72.8,0.0,1,0,0.07028000000000001,0.0
2026-09-14,0.0,Bengaluru,0.0,71.7,0.0,1,0,0.043019999999999996,0.0
2026-09-21,0.0,Bengaluru,94.0,35.0,0.0,1,0,0.359,0.0
2026-09-28,0.0,Bengaluru,140.0,47.9,0.0,1,0,0.30873999999999996,0.0
2026-10-05,0.0,Bengaluru,22.7,30.0,0.0,1,0,0.0634,0.0
2026-10-12,0.0,Bengaluru,27.2,86.5,0.0,1,0,0.1063,0.0
2026-10-19,0.0,Bengaluru,13.5,52.9,0.0,1,0,0.05874,0.0
2026-10-26,0.0,Bengaluru,59.7,107.7,0.0,1,0,0.18402000000000002,0.0
2026-11-02,0.0,Bengaluru,0.0,126.0,0.0,0,1,0.0756,0.0
2026-11-09,0.0,Bengaluru,0.0,165.7,0.0,0,1,0.09942,0.0
2026-11-16,0.0,Bengaluru,0.0,180.2,0.0,0,1,0.10812,0.0
2026-11-23,0.0,Bengaluru,0.0,137.5,0.0,0,1,0.0825,0.0
2026-11-30,0.0,Bengaluru,0.0,182.6,0.0,0,1,0.10955999999999999,0.0
2026-12-07,0.0,Bengaluru,0.0,137.7,0.0,0,1,0.08261999999999999,0.0
2026-12-14,0.0,Bengaluru,0.0,151.8,0.0,0,1,0.09108000000000001,0.0
2026-12-21,0.0,Bengaluru,0.0,127.4,0.0,0,1,0.07644000000000001,0.0
2024-01-01,0.0,Chennai,0.0,177.0,642.0,0,1,0.10619999999999999,0.4411257009345794
2024-01-08,120811.48,Chennai,114.5,154.6,574.0,0,1,0.32176,0.44188466898954704
2024-01-15,0.0,Chennai,0.0,127.2,538.0,0,1,0.07632,0.44250873605947955
2024-01-22,0.0,Chennai,0.0,187.3,502.0,0,1,0.11238000000000001,0.44168386454183267
2024-01-29,0.0,Chennai,0.0,181.2,474.0,0,1,0.10872,0.44250801687763713
2024-02-05,0.0,Chennai,0.0,149.7,440.0,0,1,0.08982,0.44238681818181813
2024-02-12,0.0,Chennai,54.1,154.1,414.0,0,1,0.20066,0.44213236714975845
2024-02-19,0.0,Chennai,0.0,200.8,387.0,0,1,0.12048,0.44387751937984493
2024-02-26,0.0,Chennai,26.6,234.7,365.0,0,1,0.19402,0.44612657534246575
2024-03-04,0.0,Chennai,0.0,121.6,343.0,0,0,0.07296,0.4477107871720116
2024-03-11,0.0,Chennai,0.0,103.7,321.0,0,0,0.06222,0.44693302180685357
2024-03-18,0.0,Chennai,0.0,99.6,299.0,0,0,0.059759999999999994,0.44677892976588623
2024-03-25,0.0,Chennai,0.0,50.8,280.0,0,0,0.030479999999999997,0.44449249999999996
2024-04-01,0.0,Chennai,0.0,74.9,263.0,0,0,0.04494,0.44378593155893536
2024-04-08,0.0,Chennai,0.0,103.8,253.0,0,0,0.06228,0.4432786561264822
2024-04-15,0.0,Chennai,0.0,104.1,237.0,0,0,0.062459999999999995,0.4432696202531646
2024-04-22,0.0,Chennai,0.0,75.9,219.0,0,0,0.045540000000000004,0.44263287671232876
2024-04-29,0.0,Chennai,0.0,112.6,211.0,0,0,0.06756,0.4431464454976303
2024-05-06,65170.67,Chennai,73.7,92.6,196.0,0,0,0.35296,0.444015306122449
2024-05-13,0.0,Chennai,0.0,99.5,187.0,0,0,0.0597,0.44180588235294116
2024-05-20,0.0,Chennai,0.0,93.5,170.0,0,0,0.0561,0.4423441176470588
2024-05-27,0.0,Chennai,0.0,139.1,163.0,0,0,0.08345999999999999,0.44118650306748464
2024-06-03,0.0,Chennai,32.0,85.6,151.0,1,0,0.11535999999999999,0.4426582781456953
2024-06-10,0.0,Chennai,0.0,30.0,140.0,1,0,0.018,0.4408185714285714
2024-06-17,0.0,Chennai,29.0,138.1,128.0,1,0,0.14085999999999999,0.4433046875
2024-06-24,0.0,Chennai,54.1,77.4,125.0,1,0,0.15464000000000003,0.4413408
2024-07-01,0.0,Chennai,47.1,77.1,113.0,1,0,0.14046,0.43930530973451326
2024-07-08,0.0,Chennai,14.7,69.4,106.0,1,0,0.07104,0.44235094339622644
2024-07-15,0.0,Chennai,48.2,67.8,97.0,1,0,0.13708,0.4411360824742268
2024-07-22,0.0,Chennai,50.5,74.3,85.0,1,0,0.14558,0.4436011764705882
2024-07-29,0.0,Chennai,25.3,37.3,83.0,1,0,0.07298,0.4445385542168675
2024-08-05,0.0,Chennai,51.7,85.3,75.0,1,0,0.15458,0.4520173333333333
2024-08-12,0.0,Chennai,58.8,87.6,72.0,1,0,0.17015999999999998,0.4533125
2024-08-19,19138.22,Chennai,74.4,76.6,66.0,1,0,0.19476000000000002,0.45601363636363634
2024-08-26,0.0,Chennai,48.3,60.2,65.0,1,0,0.13272,0.4567076923076923
2024-09-02,0.0,Chennai,39.9,112.2,62.0,1,0,0.14712,0.45862258064516126
2024-09-09,0.0,Chennai,14.1,67.1,57.0,1,0,0.06846,0.4526350877192982
2024-09-16,0.0,Chennai,49.7,63.2,53.0,1,0,0.13732000000000003,0.456077358490566
2024-09-23,0.0,Chennai,53.4,97.0,46.0,1,0,0.165,0.4552195652173913
2024-09-30,0.0,Chennai,33.7,102.6,43.0,1,0,0.12896,0.45869302325581396
2024-10-07,10240.48,Chennai,108.5,61.8,40.0,1,0,0.25408,0.46477
2024-10-14,0.0,Chennai,21.6,75.8,38.0,1,0,0.08868000000000001,0.46678684210526317
2024-10-21,0.0,Chennai,31.1,112.0,36.0,1,0,0.12940000000000002,0.4669833333333333
2024-10-28,6078.07,Chennai,188.5,116.8,34.0,1,0,0.59708,0.4622058823529412
2024-11-04,0.0,Chennai,0.0,199.1,30.0,0,1,0.11946,0.46653333333333336
2024-11-11,0.0,Chennai,0.0,184.6,27.0,0,1,0.11075999999999998,0.47205925925925923
2024-11-18,0.0,Chennai,0.0,162.6,26.0,0,1,0.09756,0.47179230769230773
2024-11-25,0.0,Chennai,0.0,224.0,22.0,0,1,0.1344,0.4796772727272727
2024-12-02,0.0,Chennai,0.0,148.5,21.0,0,1,0.0891,0.4847142857142857
2024-12-09,0.0,Chennai,62.8,114.7,20.0,0,1,0.19442,0.48812999999999995
2024-12-16,0.0,Chennai,0.0,126.6,20.0,0,1,0.07595999999999999,0.48812999999999995
2024-12-23,0.0,Chennai,0.0,133.7,17.0,0,1,0.08021999999999999,0.5005352941176471
2024-12-30,0.0,Chennai,0.0,152.5,16.0,0,1,0.0915,0.50286875
2025-01-06,0.0,Chennai,0.0,152.8,15.0,0,1,0.09168000000000001,0.5055133333333334
2025-01-13,0.0,Chennai,0.0,190.7,15.0,0,1,0.11441999999999998,0.5055133333333334
2025-01-20,0.0,Chennai,0.0,190.2,15.0,0,1,0.11411999999999999,0.5055133333333334
2025-01-27,0.0,Chennai,45.4,177.6,14.0,0,1,0.19735999999999998,0.5085357142857143
2025-02-03,0.0,Chennai,0.0,142.9,12.0,0,1,0.08574,0.5257666666666666
2025-02-10,0.0,Chennai,0.0,168.5,10.0,0,1,0.10110000000000001,0.5483399999999999
2025-02-17,0.0,Chennai,0.0,194.4,10.0,0,1,0.11664000000000001,0.5483399999999999
2025-02-24,0.0,Chennai,0.0,214.2,10.0,0,1,0.12852,0.5483399999999999
2025-03-03,0.0,Chennai,12.4,96.2,10.0,0,0,0.08252000000000001,0.5483399999999999
2025-03-10,1679.4,Chennai,190.3,73.3,10.0,0,0,0.42458000000000007,0.5483399999999999
2025-03-17,0.0,Chennai,0.0,121.1,10.0,0,0,0.07266,0.5483399999999999
2025-03-24,0.0,Chennai,10.0,83.5,10.0,0,0,0.0701,0.5483399999999999
2025-03-31,0.0,Chennai,0.0,116.1,9.0,0,0,0.06966,0.5578
2025-04-07,0.0,Chennai,0.0,79.1,7.0,0,0,0.047459999999999995,0.5416
2025-04-14,0.0,Chennai,0.0,110.0,7.0,0,0,0.066,0.5416
2025-04-21,0.0,Chennai,0.0,80.6,7.0,0,0,0.04835999999999999,0.5416
2025-04-28,0.0,Chennai,0.0,121.8,4.0,0,0,0.07307999999999999,0.595075
2025-05-05,0.0,Chennai,0.0,84.3,2.0,0,0,0.05058,0.5831999999999999
2025-05-12,0.0,Chennai,0.0,105.3,2.0,0,0,0.06317999999999999,0.5831999999999999
2025-05-19,0.0,Chennai,0.0,118.4,1.0,0,0,0.07104,0.4164
2025-05-26,0.0,Chennai,0.0,112.0,1.0,0,0,0.0672,0.4164
2025-06-02,0.0,Chennai,30.0,70.5,1.0,1,0,0.1023,0.4164
2025-06-09,0.0,Chennai,54.2,116.3,1.0,1,0,0.17818,0.4164
2025-06-16,0.0,Chennai,38.7,74.2,1.0,1,0,0.12192,0.4164
2025-06-23,0.0,Chennai,7.2,85.5,1.0,1,0,0.06570000000000001,0.4164
2025-06-30,0.0,Chennai,98.0,54.2,1.0,1,0,0.37851999999999997,0.4164
2025-07-07,0.0,Chennai,29.5,76.2,1.0,1,0,0.10472000000000001,0.4164
2025-07-14,751.73,Chennai,77.3,80.8,1.0,1,0,0.35308,0.4164
2025-07-21,563.8,Chennai,103.7,70.4,1.0,1,0,0.24964,0.4164
2025-07-28,0.0,Chennai,21.3,61.6,1.0,1,0,0.07955999999999999,0.4164
2025-08-04,0.0,Chennai,131.9,59.9,0.0,1,0,0.44974000000000003,0.0
2025-08-11,0.0,Chennai,72.1,30.0,0.0,1,0,0.16219999999999998,0.0
2025-08-18,0.0,Chennai,7.3,51.7,0.0,1,0,0.04562,0.0
2025-08-25,0.0,Chennai,48.9,30.0,0.0,1,0,0.1158,0.0
2025-09-01,0.0,Chennai,8.4,73.3,0.0,1,0,0.06078,0.0
2025-09-08,0.0,Chennai,98.9,51.9,0.0,1,0,0.37894000000000005,0.0
2025-09-15,0.0,Chennai,23.3,117.2,0.0,1,0,0.11692,0.0
2025-09-22,0.0,Chennai,19.0,90.2,0.0,1,0,0.09212000000000001,0.0
2025-09-29,0.0,Chennai,24.4,48.3,0.0,1,0,0.07778,0.0
2025-10-06,0.0,Chennai,60.6,99.9,0.0,1,0,0.18114,0.0
2025-10-13,0.0,Chennai,26.8,72.7,0.0,1,0,0.09722,0.0
2025-10-20,0.0,Chennai,12.9,51.9,0.0,1,0,0.056940000000000004,0.0
2025-10-27,0.0,Chennai,140.7,30.0,0.0,1,0,0.4494,0.0
2025-11-03,0.0,Chennai,0.0,139.6,0.0,0,1,0.08376,0.0
2025-11-10,0.0,Chennai,0.0,190.9,0.0,0,1,0.11454,0.0
2025-11-17,0.0,Chennai,41.0,164.9,0.0,0,1,0.18094000000000002,0.0
2025-11-24,0.0,Chennai,0.0,175.1,0.0,0,1,0.10506,0.0
2025-12-01,0.0,Chennai,0.0,167.2,0.0,0,1,0.10031999999999999,0.0
2025-12-08,0.0,Chennai,0.0,157.1,0.0,0,1,0.09426,0.0
2025-12-15,0.0,Chennai,0.0,182.9,0.0,0,1,0.10974,0.0
2025-12-22,0.0,Chennai,106.5,189.3,0.0,0,1,0.32658,0.0
2025-12-29,0.0,Chennai,0.0,127.2,0.0,0,1,0.07632,0.0
2026-01-05,0.0,Chennai,0.0,102.6,0.0,0,1,0.06156,0.0
2026-01-12,0.0,Chennai,0.0,140.5,0.0,0,1,0.0843,0.0
2026-01-19,0.0,Chennai,0.0,169.4,0.0,0,1,0.10164,0.0
2026-01-26,0.0,Chennai,24.7,167.6,0.0,0,1,0.14995999999999998,0.0
2026-02-02,0.0,Chennai,41.8,201.8,0.0,0,1,0.20468,0.0
2026-02-09,0.0,Chennai,0.0,194.4,0.0,0,1,0.11664000000000001,0.0
2026-02-16,0.0,Chennai,0.0,190.8,0.0,0,1,0.11448000000000001,0.0
2026-02-23,0.0,Chennai,0.0,185.0,0.0,0,1,0.111,0.0
2026-03-02,0.0,Chennai,0.0,75.1,0.0,0,0,0.045059999999999996,0.0
2026-03-09,0.0,Chennai,0.0,66.9,0.0,0,0,0.04014,0.0
2026-03-16,0.0,Chennai,40.9,142.9,0.0,0,0,0.16754,0.0
2026-03-23,0.0,Chennai,0.0,72.3,0.0,0,0,0.04338,0.0
2026-03-30,0.0,Chennai,0.0,56.6,0.0,0,0,0.18396,0.0
2026-04-06,0.0,Chennai,0.0,112.3,0.0,0,0,0.06738,0.0
2026-04-13,0.0,Chennai,0.0,78.3,0.0,0,0,0.046979999999999994,0.0
2026-04-20,0.0,Chennai,0.0,123.4,0.0,0,0,0.07404000000000001,0.0
2026-04-27,0.0,Chennai,0.0,130.2,0.0,0,0,0.07811999999999998,0.0
2026-05-04,0.0,Chennai,0.0,131.3,0.0,0,0,0.07878,0.0
2026-05-11,0.0,Chennai,0.0,85.0,0.0,0,0,0.051000000000000004,0.0
2026-05-18,0.0,Chennai,0.0,64.6,0.0,0,0,0.038759999999999996,0.0
2026-05-25,0.0,Chennai,0.0,95.7,0.0,0,0,0.05742,0.0
2026-06-01,0.0,Chennai,110.3,90.4,0.0,1,0,0.27484000000000003,0.0
2026-06-08,0.0,Chennai,181.4,72.6,0.0,1,0,0.70636,0.0
2026-06-15,0.0,Chennai,32.4,102.9,0.0,1,0,0.12654,0.0
2026-06-22,0.0,Chennai,77.2,37.7,0.0,1,0,0.17702,0.0
2026-06-29,0.0,Chennai,50.0,54.0,0.0,1,0,0.13240000000000002,0.0
2026-07-06,0.0,Chennai,60.0,76.4,0.0,1,0,0.16584,0.0
2026-07-13,0.0,Chennai,12.3,45.8,0.0,1,0,0.05208,0.0
2026-07-20,0.0,Chennai,34.6,44.9,0.0,1,0,0.09614,0.0
2026-07-27,0.0,Chennai,107.1,33.5,0.0,1,0,0.2343,0.0
2026-08-03,0.0,Chennai,52.7,61.6,0.0,1,0,0.14236000000000001,0.0
2026-08-10,0.0,Chennai,67.7,70.0,0.0,1,0,0.3274,0.0
2026-08-17,0.0,Chennai,159.9,87.1,0.0,1,0,0.52206,0.0
2026-08-24,0.0,Chennai,54.3,59.1,0.0,1,0,0.14406,0.0
2026-08-31,0.0,Chennai,29.7,75.0,0.0,1,0,0.10439999999999999,0.0
2026-09-07,0.0,Chennai,49.2,54.2,0.0,1,0,0.13092,0.0
2026-09-14,0.0,Chennai,81.4,30.0,0.0,1,0,0.18080000000000002,0.0
2026-09-21,0.0,Chennai,0.0,43.5,0.0,1,0,0.026099999999999998,0.0
2026-09-28,0.0,Chennai,0.0,80.6,0.0,1,0,0.04835999999999999,0.0
2026-10-05,0.0,Chennai,52.7,45.1,0.0,1,0,0.13246000000000002,0.0
2026-10-12,0.0,Chennai,5.9,102.8,0.0,1,0,0.07348,0.0
2026-10-19,0.0,Chennai,61.2,73.7,0.0,1,0,0.16662000000000002,0.0
2026-10-26,0.0,Chennai,25.4,65.7,0.0,1,0,0.09022000000000001,0.0
2026-11-02,0.0,Chennai,13.7,171.2,0.0,0,1,0.13011999999999999,0.0
2026-11-09,0.0,Chennai,62.8,164.1,0.0,0,1,0.22406,0.0
2026-11-16,0.0,Chennai,0.0,160.7,0.0,0,1,0.09641999999999999,0.0
2026-11-23,0.0,Chennai,0.0,150.4,0.0,0,1,0.09024,0.0
2026-11-30,0.0,Chennai,0.0,202.4,0.0,0,1,0.12143999999999999,0.0
2026-12-07,0.0,Chennai,98.8,134.9,0.0,0,1,0.42854000000000003,0.0
2026-12-14,0.0,Chennai,187.2,156.9,0.0,0,1,0.61854,0.0
2026-12-21,0.0,Chennai,60.4,140.9,0.0,0,1,0.20534,0.0
2024-01-01,429176.85,Delhi,0.0,433.2,954.0,0,1,0.25992,0.4451142557651992
2024-01-08,192073.21,Delhi,0.0,688.0,840.0,0,1,0.3,0.44541261904761903
2024-01-15,332248.65,Delhi,0.0,447.5,783.0,0,1,0.2685,0.44606960408684543
2024-01-22,307652.32,Delhi,0.0,500.5,738.0,0,1,0.3,0.44592818428184283
2024-01-29,294079.89,Delhi,0.0,451.5,688.0,0,1,0.2709,0.44628212209302326
2024-02-05,290872.85,Delhi,0.0,414.8,656.0,0,1,0.24888,0.4465696646341464
2024-02-12,0.0,Delhi,0.0,366.4,612.0,0,1,0.21984,0.44835555555555556
2024-02-19,241049.39,Delhi,0.0,516.2,575.0,0,1,0.3,0.44788382608695654
2024-02-26,231863.52,Delhi,0.0,486.0,540.0,0,1,0.29159999999999997,0.4487646296296296
2024-03-04,0.0,Delhi,0.0,337.5,509.0,0,0,0.2025,0.4488493123772102
2024-03-11,178356.92,Delhi,75.5,163.4,474.0,0,0,0.39904000000000006,0.450042194092827
2024-03-18,0.0,Delhi,0.0,171.0,445.0,0,0,0.10260000000000001,0.4513597752808989
2024-03-25,0.0,Delhi,0.0,253.2,422.0,0,0,0.15191999999999997,0.45043080568720384
2024-04-01,0.0,Delhi,0.0,360.4,394.0,0,0,0.21624,0.4497248730964467
2024-04-08,0.0,Delhi,0.0,333.4,380.0,0,0,0.20003999999999997,0.4484728947368421
2024-04-15,117446.47,Delhi,0.0,416.5,358.0,0,0,0.24989999999999998,0.4481938547486033
2024-04-22,0.0,Delhi,0.0,256.2,342.0,0,0,0.15372,0.4480649122807018
2024-04-29,131574.54,Delhi,0.0,401.6,316.0,0,0,0.24096,0.44837594936708863
2024-05-06,0.0,Delhi,0.0,347.3,294.0,0,0,0.20837999999999998,0.44931292517006804
2024-05-13,0.0,Delhi,0.0,278.5,280.0,0,0,0.1671,0.4510582142857143
2024-05-20,0.0,Delhi,0.0,206.4,258.0,0,0,0.12383999999999999,0.45197170542635656
2024-05-27,0.0,Delhi,0.0,346.2,240.0,0,0,0.20772,0.45182416666666664
2024-06-03,0.0,Delhi,0.0,108.3,229.0,1,0,0.06498,0.45100262008733627
2024-06-10,89267.36,Delhi,47.1,251.2,215.0,1,0,0.39492,0.4531125581395349
2024-06-17,0.0,Delhi,30.2,135.9,191.0,1,0,0.14193999999999998,0.4531460732984293
2024-06-24,0.0,Delhi,0.0,244.3,181.0,1,0,0.14658000000000002,0.4535265193370166
2024-07-01,0.0,Delhi,0.0,131.6,174.0,1,0,0.07895999999999999,0.4538551724137931
2024-07-08,0.0,Delhi,23.6,183.7,163.0,1,0,0.15742,0.45226380368098157
2024-07-15,0.0,Delhi,29.8,320.3,157.0,1,0,0.25178,0.4551624203821656
2024-07-22,0.0,Delhi,33.8,244.2,145.0,1,0,0.21411999999999998,0.45954000000000006
2024-07-29,48598.04,Delhi,71.0,231.9,133.0,1,0,0.43113999999999997,0.4551308270676692
2024-08-05,0.0,Delhi,38.1,155.6,125.0,1,0,0.16956,0.4570152
2024-08-12,0.0,Delhi,0.0,134.7,117.0,1,0,0.08081999999999999,0.4529982905982906
2024-08-19,50747.92,Delhi,67.0,309.5,102.0,1,0,0.3197,0.46034509803921564
2024-08-26,0.0,Delhi,48.2,213.0,95.0,1,0,0.2242,0.4593810526315789
2024-09-02,0.0,Delhi,0.0,121.4,87.0,1,0,0.07284,0.45546666666666663
2024-09-09,0.0,Delhi,0.0,127.6,79.0,1,0,0.07655999999999999,0.4526620253164557
2024-09-16,21747.54,Delhi,73.2,153.4,75.0,1,0,0.38844,0.449024
2024-09-23,0.0,Delhi,26.2,165.6,72.0,1,0,0.15176,0.4499180555555556
2024-09-30,0.0,Delhi,0.0,120.1,66.0,1,0,0.07206,0.44779545454545455
2024-10-07,0.0,Delhi,0.0,270.9,61.0,1,0,0.16254,0.44664590163934426
2024-10-14,25309.9,Delhi,86.7,172.0,58.0,1,0,0.27659999999999996,0.44726724137931034
2024-10-21,0.0,Delhi,0.0,110.4,53.0,1,0,0.06624000000000001,0.44704716981132075
2024-10-28,0.0,Delhi,53.4,230.6,51.0,1,0,0.24516,0.4412313725490196
2024-11-04,26719.079999999998,Delhi,0.0,388.1,48.0,0,1,0.38286,0.4409604166666667
2024-11-11,12066.4,Delhi,0.0,476.2,45.0,0,1,0.28572,0.44138444444444447
2024-11-18,11038.07,Delhi,0.0,479.4,43.0,0,1,0.28764,0.44049069767441856
2024-11-25,12786.08,Delhi,0.0,497.9,41.0,0,1,0.29873999999999995,0.4398951219512195
2024-12-02,8458.13,Delhi,0.0,575.5,40.0,0,1,0.3,0.44338249999999996
2024-12-09,17205.5,Delhi,0.0,534.8,39.0,0,1,0.44999999999999996,0.44345128205128204
2024-12-16,16767.64,Delhi,0.0,494.5,38.0,0,1,0.29669999999999996,0.44315263157894735
2024-12-23,7854.04,Delhi,0.0,438.0,33.0,0,1,0.2628,0.44174848484848483
2024-12-30,12123.300000000001,Delhi,22.0,550.6,32.0,0,1,0.494,0.444284375
2025-01-06,6864.26,Delhi,0.0,563.1,29.0,0,1,0.3,0.44237586206896556
2025-01-13,9088.36,Delhi,30.5,528.0,28.0,0,1,0.361,0.43138928571428575
2025-01-20,7136.76,Delhi,0.0,521.4,27.0,0,1,0.3,0.43205925925925925
2025-01-27,0.0,Delhi,0.0,396.3,24.0,0,1,0.23778,0.4169791666666667
2025-02-03,8132.91,Delhi,0.0,545.1,22.0,0,1,0.3,0.42244545454545457
2025-02-10,7956.91,Delhi,0.0,483.9,21.0,0,1,0.29034,0.4249523809523809
2025-02-17,7931.67,Delhi,0.0,467.4,20.0,0,1,0.28043999999999997,0.42771
2025-02-24,6468.04,Delhi,0.0,486.7,19.0,0,1,0.29201999999999995,0.4231842105263158
2025-03-03,0.0,Delhi,0.0,198.9,18.0,0,0,0.11933999999999999,0.41891666666666666
2025-03-10,0.0,Delhi,0.0,168.4,17.0,0,0,0.10103999999999999,0.4149588235294117
2025-03-17,0.0,Delhi,0.0,250.3,15.0,0,0,0.15018,0.41335333333333335
2025-03-24,0.0,Delhi,0.0,309.1,13.0,0,0,0.18546,0.41670769230769233
2025-03-31,0.0,Delhi,0.0,214.4,13.0,0,0,0.12864,0.41670769230769233
2025-04-07,0.0,Delhi,0.0,336.7,13.0,0,0,0.20202,0.41670769230769233
2025-04-14,3999.8,Delhi,108.5,374.5,13.0,0,0,0.4417,0.41670769230769233
2025-04-21,0.0,Delhi,23.4,267.2,13.0,0,0,0.20712,0.41670769230769233
2025-04-28,0.0,Delhi,0.0,355.2,13.0,0,0,0.21312,0.41670769230769233
2025-05-05,0.0,Delhi,0.0,287.7,12.0,0,0,0.17262,0.41195833333333337
2025-05-12,0.0,Delhi,0.0,233.4,12.0,0,0,0.14004,0.41195833333333337
2025-05-19,0.0,Delhi,0.0,297.3,12.0,0,0,0.17838,0.41195833333333337
2025-05-26,0.0,Delhi,0.0,378.3,12.0,0,0,0.22698000000000002,0.41195833333333337
2025-06-02,0.0,Delhi,0.0,161.3,11.0,1,0,0.09677999999999999,0.41054545454545455
2025-06-09,6881.53,Delhi,65.3,164.0,10.0,1,0,0.22900000000000004,0.40978000000000003
2025-06-16,0.0,Delhi,45.6,212.8,10.0,1,0,0.21888000000000002,0.40978000000000003
2025-06-23,0.0,Delhi,0.0,286.1,10.0,1,0,0.17166,0.40978000000000003
2025-06-30,0.0,Delhi,0.0,122.1,9.0,1,0,0.07325999999999999,0.4219333333333333
2025-07-07,0.0,Delhi,0.0,279.3,9.0,1,0,0.16757999999999998,0.4219333333333333
2025-07-14,0.0,Delhi,0.0,335.8,9.0,1,0,0.20148,0.4219333333333333
2025-07-21,0.0,Delhi,0.0,220.0,8.0,1,0,0.132,0.437125
2025-07-28,0.0,Delhi,0.0,162.2,5.0,1,0,0.09731999999999999,0.42884
2025-08-04,0.0,Delhi,48.2,165.5,5.0,1,0,0.1957,0.42884
2025-08-11,0.0,Delhi,42.1,198.1,5.0,1,0,0.20306000000000002,0.42884
2025-08-18,3082.29,Delhi,97.0,271.9,5.0,1,0,0.35714,0.42884
2025-08-25,0.0,Delhi,58.1,68.7,4.0,1,0,0.15742,0.429175
2025-09-01,0.0,Delhi,33.9,137.1,3.0,1,0,0.15006,0.4489666666666667
2025-09-08,0.0,Delhi,0.0,180.3,3.0,1,0,0.10818000000000001,0.4489666666666667
2025-09-15,506.36,Delhi,127.2,341.6,3.0,1,0,0.60936,0.4489666666666667
2025-09-22,0.0,Delhi,0.0,125.9,3.0,1,0,0.07554000000000001,0.4489666666666667
2025-09-29,716.81,Delhi,113.4,101.9,3.0,1,0,0.28794000000000003,0.4489666666666667
2025-10-06,0.0,Delhi,0.0,216.4,3.0,1,0,0.12984,0.4489666666666667
2025-10-13,1148.5,Delhi,95.6,141.2,3.0,1,0,0.42591999999999997,0.4489666666666667
2025-10-20,0.0,Delhi,0.0,221.5,3.0,1,0,0.1329,0.4489666666666667
2025-10-27,0.0,Delhi,15.5,77.5,0.0,1,0,0.0775,0.0
2025-11-03,0.0,Delhi,0.0,531.4,0.0,0,1,0.3,0.0
2025-11-10,0.0,Delhi,0.0,594.8,0.0,0,1,0.3,0.0
2025-11-17,0.0,Delhi,0.0,517.0,0.0,0,1,0.3,0.0
2025-11-24,0.0,Delhi,0.0,435.2,0.0,0,1,0.26111999999999996,0.0
2025-12-01,0.0,Delhi,0.0,568.8,0.0,0,1,0.3,0.0
2025-12-08,0.0,Delhi,0.0,580.6,0.0,0,1,0.3,0.0
2025-12-15,0.0,Delhi,0.0,508.0,0.0,0,1,0.3,0.0
2025-12-22,0.0,Delhi,0.0,577.6,0.0,0,1,0.3,0.0
2025-12-29,0.0,Delhi,0.0,305.7,0.0,0,1,0.18341999999999997,0.0
2026-01-05,0.0,Delhi,0.0,454.7,0.0,0,1,0.27282,0.0
2026-01-12,0.0,Delhi,0.0,489.8,0.0,0,1,0.29388,0.0
2026-01-19,0.0,Delhi,0.0,483.5,0.0,0,1,0.29009999999999997,0.0
2026-01-26,0.0,Delhi,0.0,520.3,0.0,0,1,0.3,0.0
2026-02-02,0.0,Delhi,157.4,497.5,0.0,0,1,0.7633,0.0
2026-02-09,0.0,Delhi,0.0,442.1,0.0,0,1,0.26526,0.0
2026-02-16,0.0,Delhi,0.0,494.3,0.0,0,1,0.29658,0.0
2026-02-23,0.0,Delhi,0.0,468.9,0.0,0,1,0.28134,0.0
2026-03-02,0.0,Delhi,0.0,213.7,0.0,0,0,0.12822,0.0
2026-03-09,0.0,Delhi,0.0,228.0,0.0,0,0,0.1368,0.0
2026-03-16,0.0,Delhi,0.0,262.3,0.0,0,0,0.15738000000000002,0.0
2026-03-23,0.0,Delhi,0.0,237.3,0.0,0,0,0.14238,0.0
2026-03-30,0.0,Delhi,0.0,410.3,0.0,0,0,0.24617999999999998,0.0
2026-04-06,0.0,Delhi,0.0,170.5,0.0,0,0,0.1023,0.0
2026-04-13,0.0,Delhi,0.0,292.9,0.0,0,0,0.17573999999999998,0.0
2026-04-20,0.0,Delhi,0.0,282.8,0.0,0,0,0.16968,0.0
2026-04-27,0.0,Delhi,139.1,262.9,0.0,0,0,0.58594,0.0
2026-05-04,0.0,Delhi,0.0,258.3,0.0,0,0,0.15498,0.0
2026-05-11,0.0,Delhi,0.0,323.8,0.0,0,0,0.19428,0.0
2026-05-18,0.0,Delhi,0.0,292.8,0.0,0,0,0.17568,0.0
2026-05-25,0.0,Delhi,0.0,343.7,0.0,0,0,0.20622,0.0
2026-06-01,0.0,Delhi,80.5,261.3,0.0,1,0,0.4677800000000001,0.0
2026-06-08,0.0,Delhi,0.0,154.5,0.0,1,0,0.09269999999999999,0.0
2026-06-15,0.0,Delhi,28.2,199.4,0.0,1,0,0.17604,0.0
2026-06-22,0.0,Delhi,19.1,111.6,0.0,1,0,0.10516,0.0
2026-06-29,0.0,Delhi,29.5,272.1,0.0,1,0,0.22225999999999999,0.0
2026-07-06,0.0,Delhi,119.2,156.1,0.0,1,0,0.48206000000000004,0.0
2026-07-13,0.0,Delhi,0.0,222.3,0.0,1,0,0.13338,0.0
2026-07-20,0.0,Delhi,0.0,201.4,0.0,1,0,0.27083999999999997,0.0
2026-07-27,0.0,Delhi,58.4,190.1,0.0,1,0,0.23086,0.0
2026-08-03,0.0,Delhi,13.5,369.4,0.0,1,0,0.24863999999999997,0.0
2026-08-10,0.0,Delhi,0.0,165.3,0.0,1,0,0.09918,0.0
2026-08-17,0.0,Delhi,0.0,263.4,0.0,1,0,0.15803999999999999,0.0
2026-08-24,0.0,Delhi,49.5,289.4,0.0,1,0,0.27264,0.0
2026-08-31,0.0,Delhi,0.0,157.3,0.0,1,0,0.09438,0.0
2026-09-07,0.0,Delhi,0.0,327.8,0.0,1,0,0.19668000000000002,0.0
2026-09-14,0.0,Delhi,52.9,252.6,0.0,1,0,0.25736000000000003,0.0
2026-09-21,0.0,Delhi,0.0,186.7,0.0,1,0,0.11201999999999998,0.0
2026-09-28,0.0,Delhi,0.0,263.1,0.0,1,0,0.15786,0.0
2026-10-05,0.0,Delhi,75.1,259.4,0.0,1,0,0.30584,0.0
2026-10-12,0.0,Delhi,40.1,81.9,0.0,1,0,0.12934,0.0
2026-10-19,0.0,Delhi,0.0,334.1,0.0,1,0,0.20046,0.0
2026-10-26,0.0,Delhi,0.0,228.0,0.0,1,0,0.1368,0.0
2026-11-02,0.0,Delhi,0.0,440.6,0.0,0,1,0.26436000000000004,0.0
2026-11-09,0.0,Delhi,0.0,584.4,0.0,0,1,0.3,0.0
2026-11-16,0.0,Delhi,0.0,408.3,0.0,0,1,0.24497999999999998,0.0
2026-11-23,0.0,Delhi,0.0,525.8,0.0,0,1,0.3,0.0
2026-11-30,0.0,Delhi,0.0,435.3,0.0,0,1,0.26118,0.0
2026-12-07,0.0,Delhi,5.2,482.9,0.0,0,1,0.30014,0.0
2026-12-14,0.0,Delhi,0.0,584.4,0.0,0,1,0.3,0.0
2026-12-21,0.0,Delhi,0.0,650.9,0.0,0,1,0.3,0.0
2024-01-01,0.0,Hyderabad,0.0,213.5,444.0,0,1,0.1281,0.3800855855855856
2024-01-08,0.0,Hyderabad,0.0,159.5,397.0,0,1,0.0957,0.3796256926952141
2024-01-15,0.0,Hyderabad,0.0,223.1,377.0,0,1,0.13385999999999998,0.37887294429708224
2024-01-22,0.0,Hyderabad,0.0,196.3,355.0,0,1,0.11778,0.3790816901408451
2024-01-29,0.0,Hyderabad,0.0,236.4,333.0,0,1,0.14184,0.37815195195195195
2024-02-05,0.0,Hyderabad,0.0,210.9,314.0,0,1,0.12653999999999999,0.3784455414012739
2024-02-12,0.0,Hyderabad,0.0,203.9,300.0,0,1,0.12233999999999999,0.378726
2024-02-19,0.0,Hyderabad,0.0,158.8,288.0,0,1,0.09528000000000002,0.37915763888888887
2024-02-26,0.0,Hyderabad,0.0,195.8,271.0,0,1,0.11748,0.3794583025830259
2024-03-04,0.0,Hyderabad,0.0,139.5,255.0,0,0,0.08370000000000001,0.3797082352941176
2024-03-11,0.0,Hyderabad,0.0,81.0,240.0,0,0,0.0486,0.37939291666666664
2024-03-18,0.0,Hyderabad,14.6,122.6,229.0,0,0,0.10276,0.3798323144104804
2024-03-25,0.0,Hyderabad,0.0,102.5,221.0,0,0,0.06149999999999999,0.3804710407239819
2024-04-01,0.0,Hyderabad,0.0,101.0,208.0,0,0,0.0606,0.38077163461538466
2024-04-08,47588.79,Hyderabad,75.7,64.9,194.0,0,0,0.19034,0.379690206185567
2024-04-15,0.0,Hyderabad,0.0,107.8,184.0,0,0,0.06467999999999999,0.3798875
2024-04-22,0.0,Hyderabad,0.0,114.0,174.0,0,0,0.0684,0.3803224137931035
2024-04-29,0.0,Hyderabad,0.0,97.2,166.0,0,0,0.058320000000000004,0.37953433734939757
2024-05-06,0.0,Hyderabad,0.0,153.6,155.0,0,0,0.09215999999999999,0.3804135483870968
2024-05-13,0.0,Hyderabad,0.0,106.1,147.0,0,0,0.06366,0.379887074829932
2024-05-20,0.0,Hyderabad,0.0,119.6,138.0,0,0,0.07175999999999999,0.37969130434782605
2024-05-27,0.0,Hyderabad,0.0,93.4,136.0,0,0,0.056040000000000006,0.37953382352941173
2024-06-03,0.0,Hyderabad,0.0,105.7,131.0,1,0,0.06342,0.3793847328244275
2024-06-10,0.0,Hyderabad,49.9,137.0,123.0,1,0,0.182,0.3804382113821138
2024-06-17,0.0,Hyderabad,0.0,87.7,118.0,1,0,0.05262,0.38090762711864407
2024-06-24,0.0,Hyderabad,18.5,78.5,109.0,1,0,0.0841,0.3814605504587156
2024-07-01,0.0,Hyderabad,0.0,59.7,102.0,1,0,0.03582,0.37971862745098034
2024-07-08,0.0,Hyderabad,20.3,63.7,97.0,1,0,0.07882,0.3786721649484536
2024-07-15,11923.369999999999,Hyderabad,69.0,67.3,91.0,1,0,0.17837999999999998,0.3784351648351649
2024-07-22,30502.36,Hyderabad,69.5,87.5,84.0,1,0,0.19149999999999998,0.3794666666666667
2024-07-29,18741.9,Hyderabad,81.8,51.7,76.0,1,0,0.19462,0.38104473684210527
2024-08-05,0.0,Hyderabad,35.4,73.8,74.0,1,0,0.11507999999999999,0.3815797297297297
2024-08-12,14909.29,Hyderabad,117.6,116.8,67.0,1,0,0.45528,0.3810671641791045
2024-08-19,0.0,Hyderabad,0.0,30.0,63.0,1,0,0.018,0.3812142857142857
2024-08-26,0.0,Hyderabad,0.0,105.7,56.0,1,0,0.06342,0.3806
2024-09-02,0.0,Hyderabad,36.2,64.4,52.0,1,0,0.11104,0.37905
2024-09-09,16979.53,Hyderabad,135.7,83.8,50.0,1,0,0.32168,0.379842
2024-09-16,0.0,Hyderabad,40.1,153.6,44.0,1,0,0.17236,0.3807386363636364
2024-09-23,0.0,Hyderabad,36.5,71.1,41.0,1,0,0.11565999999999999,0.38184146341463415
2024-09-30,0.0,Hyderabad,12.0,64.2,40.0,1,0,0.06252,0.3824075
2024-10-07,0.0,Hyderabad,0.0,93.2,39.0,1,0,0.055920000000000004,0.3828974358974359
2024-10-14,0.0,Hyderabad,0.0,77.1,35.0,1,0,0.04625999999999999,0.3822714285714286
2024-10-21,0.0,Hyderabad,0.0,96.8,34.0,1,0,0.05807999999999999,0.38123529411764706
2024-10-28,10514.74,Hyderabad,96.4,121.3,34.0,1,0,0.26558000000000004,0.38123529411764706
2024-11-04,0.0,Hyderabad,0.0,167.0,34.0,0,1,0.1002,0.38123529411764706
2024-11-11,0.0,Hyderabad,0.0,186.0,33.0,0,1,0.11159999999999999,0.38202424242424243
2024-11-18,0.0,Hyderabad,0.0,208.5,30.0,0,1,0.1251,0.3848933333333333
2024-11-25,0.0,Hyderabad,0.0,171.0,30.0,0,1,0.10260000000000001,0.3848933333333333
2024-12-02,0.0,Hyderabad,0.0,197.6,28.0,0,1,0.11856,0.38552857142857144
2024-12-09,0.0,Hyderabad,0.0,191.0,28.0,0,1,0.1146,0.38552857142857144
2024-12-16,0.0,Hyderabad,0.0,189.3,28.0,0,1,0.11358000000000001,0.38552857142857144
2024-12-23,0.0,Hyderabad,0.0,239.3,27.0,0,1,0.14358,0.38703333333333334
2024-12-30,0.0,Hyderabad,0.0,181.8,24.0,0,1,0.10908000000000001,0.3861208333333333
2025-01-06,0.0,Hyderabad,0.0,191.4,22.0,0,1,0.11484,0.3841818181818182
2025-01-13,6580.01,Hyderabad,193.9,159.0,20.0,0,1,0.4832,0.38085
2025-01-20,0.0,Hyderabad,36.9,218.3,19.0,0,1,0.20478000000000002,0.3819894736842105
2025-01-27,0.0,Hyderabad,0.0,215.2,18.0,0,1,0.12911999999999998,0.3811333333333333
2025-02-03,0.0,Hyderabad,0.0,173.1,16.0,0,1,0.10386,0.38476875
2025-02-10,0.0,Hyderabad,0.0,220.5,15.0,0,1,0.1323,0.38674
2025-02-17,0.0,Hyderabad,0.0,221.6,14.0,0,1,0.13296,0.3887071428571428
2025-02-24,0.0,Hyderabad,0.0,214.7,14.0,0,1,0.12882,0.3887071428571428
2025-03-03,0.0,Hyderabad,0.0,117.7,11.0,0,0,0.07062,0.3868272727272727
2025-03-10,0.0,Hyderabad,0.0,157.1,11.0,0,0,0.09426,0.3868272727272727
2025-03-17,0.0,Hyderabad,0.0,142.4,11.0,0,0,0.08544,0.3868272727272727
2025-03-24,0.0,Hyderabad,0.0,127.7,10.0,0,0,0.07662000000000001,0.39032999999999995
2025-03-31,0.0,Hyderabad,0.0,100.9,10.0,0,0,0.06054,0.39032999999999995
2025-04-07,3254.23,Hyderabad,107.6,105.0,10.0,0,0,0.4282,0.39032999999999995
2025-04-14,0.0,Hyderabad,0.0,81.5,10.0,0,0,0.0489,0.39032999999999995
2025-04-21,0.0,Hyderabad,0.0,103.2,10.0,0,0,0.061919999999999996,0.39032999999999995
2025-04-28,0.0,Hyderabad,0.0,81.4,10.0,0,0,0.04884,0.39032999999999995
2025-05-05,0.0,Hyderabad,0.0,72.7,8.0,0,0,0.04362,0.3938375
2025-05-12,0.0,Hyderabad,0.0,121.3,7.0,0,0,0.07278,0.3904571428571429
2025-05-19,0.0,Hyderabad,0.0,103.6,7.0,0,0,0.06215999999999999,0.3904571428571429
2025-05-26,0.0,Hyderabad,0.0,162.2,7.0,0,0,0.09731999999999999,0.3904571428571429
2025-06-02,0.0,Hyderabad,0.0,45.5,7.0,1,0,0.027299999999999998,0.3904571428571429
2025-06-09,0.0,Hyderabad,0.0,87.8,7.0,1,0,0.05268,0.3904571428571429
2025-06-16,0.0,Hyderabad,35.8,62.7,7.0,1,0,0.10922,0.3904571428571429
2025-06-23,0.0,Hyderabad,0.0,119.3,6.0,1,0,0.07158,0.39566666666666667
2025-06-30,0.0,Hyderabad,0.0,51.1,5.0,1,0,0.03066,0.40214
2025-07-07,698.46,Hyderabad,67.6,72.3,4.0,1,0,0.32858,0.403475
2025-07-14,836.02,Hyderabad,130.2,103.0,4.0,1,0,0.47219999999999995,0.403475
2025-07-21,0.0,Hyderabad,0.0,30.0,4.0,1,0,0.018,0.403475
2025-07-28,1681.6000000000001,Hyderabad,182.3,47.9,4.0,1,0,0.54334,0.403475
2025-08-04,0.0,Hyderabad,12.3,99.9,3.0,1,0,0.08454,0.423
2025-08-11,0.0,Hyderabad,0.0,92.3,3.0,1,0,0.05537999999999999,0.423
2025-08-18,778.95,Hyderabad,109.7,30.0,2.0,1,0,0.38739999999999997,0.4361
2025-08-25,0.0,Hyderabad,0.0,39.1,2.0,1,0,0.02346,0.4361
2025-09-01,380.44,Hyderabad,87.7,86.0,2.0,1,0,0.377,0.4361
2025-09-08,0.0,Hyderabad,41.4,105.6,1.0,1,0,0.14616,0.3974
2025-09-15,500.92,Hyderabad,92.5,93.5,1.0,1,0,0.24110000000000004,0.3974
2025-09-22,0.0,Hyderabad,73.2,101.6,0.0,1,0,0.35736,0.0
2025-09-29,0.0,Hyderabad,16.4,60.6,0.0,1,0,0.06916,0.0
2025-10-06,0.0,Hyderabad,61.1,80.9,0.0,1,0,0.17074,0.0
2025-10-13,0.0,Hyderabad,10.0,65.2,0.0,1,0,0.059120000000000006,0.0
2025-10-20,0.0,Hyderabad,14.9,72.4,0.0,1,0,0.07324,0.0
2025-10-27,0.0,Hyderabad,0.0,75.7,0.0,1,0,0.04542,0.0
2025-11-03,0.0,Hyderabad,0.0,235.6,0.0,0,1,0.14135999999999999,0.0
2025-11-10,0.0,Hyderabad,0.0,189.2,0.0,0,1,0.11351999999999998,0.0
2025-11-17,0.0,Hyderabad,0.0,211.0,0.0,0,1,0.1266,0.0
2025-11-24,0.0,Hyderabad,0.0,188.0,0.0,0,1,0.1128,0.0
2025-12-01,0.0,Hyderabad,99.8,182.7,0.0,0,1,0.30922,0.0
2025-12-08,0.0,Hyderabad,0.0,200.8,0.0,0,1,0.12048,0.0
2025-12-15,0.0,Hyderabad,0.0,170.2,0.0,0,1,0.10211999999999999,0.0
2025-12-22,0.0,Hyderabad,132.4,185.2,0.0,0,1,0.52592,0.0
2025-12-29,0.0,Hyderabad,0.0,212.8,0.0,0,1,0.12768000000000002,0.0
2026-01-05,0.0,Hyderabad,0.0,196.7,0.0,0,1,0.11801999999999999,0.0
2026-01-12,0.0,Hyderabad,0.0,183.8,0.0,0,1,0.11028,0.0
2026-01-19,0.0,Hyderabad,0.0,175.0,0.0,0,1,0.105,0.0
2026-01-26,0.0,Hyderabad,0.0,251.5,0.0,0,1,0.1509,0.0
2026-02-02,0.0,Hyderabad,106.9,219.8,0.0,0,1,0.49568,0.0
2026-02-09,0.0,Hyderabad,0.0,228.0,0.0,0,1,0.1368,0.0
2026-02-16,0.0,Hyderabad,0.0,178.8,0.0,0,1,0.10728,0.0
2026-02-23,0.0,Hyderabad,0.0,192.1,0.0,0,1,0.11525999999999999,0.0
2026-03-02,0.0,Hyderabad,0.0,122.2,0.0,0,0,0.07332,0.0
2026-03-09,0.0,Hyderabad,0.0,109.0,0.0,0,0,0.0654,0.0
2026-03-16,0.0,Hyderabad,0.0,154.1,0.0,0,0,0.09245999999999999,0.0
2026-03-23,0.0,Hyderabad,0.0,154.2,0.0,0,0,0.09251999999999998,0.0
2026-03-30,0.0,Hyderabad,0.0,120.0,0.0,0,0,0.072,0.0
2026-04-06,0.0,Hyderabad,0.0,126.4,0.0,0,0,0.07584,0.0
2026-04-13,0.0,Hyderabad,0.0,119.6,0.0,0,0,0.07175999999999999,0.0
2026-04-20,0.0,Hyderabad,0.0,110.3,0.0,0,0,0.06617999999999999,0.0
2026-04-27,0.0,Hyderabad,0.0,154.3,0.0,0,0,0.09258000000000001,0.0
2026-05-04,0.0,Hyderabad,0.0,110.4,0.0,0,0,0.06624000000000001,0.0
2026-05-11,0.0,Hyderabad,0.0,95.4,0.0,0,0,0.057240000000000006,0.0
2026-05-18,0.0,Hyderabad,0.0,150.7,0.0,0,0,0.09042,0.0
2026-05-25,0.0,Hyderabad,0.0,122.2,0.0,0,0,0.07332,0.0
2026-06-01,0.0,Hyderabad,113.9,84.0,0.0,1,0,0.2782,0.0
2026-06-08,0.0,Hyderabad,177.3,81.4,0.0,1,0,0.55344,0.0
2026-06-15,0.0,Hyderabad,54.2,30.0,0.0,1,0,0.1264,0.0
2026-06-22,0.0,Hyderabad,59.6,127.2,0.0,1,0,0.19552,0.0
2026-06-29,0.0,Hyderabad,29.8,48.4,0.0,1,0,0.08864,0.0
2026-07-06,0.0,Hyderabad,0.0,122.5,0.0,1,0,0.0735,0.0
2026-07-13,0.0,Hyderabad,0.0,89.1,0.0,1,0,0.05346,0.0
2026-07-20,0.0,Hyderabad,11.9,73.6,0.0,1,0,0.06795999999999999,0.0
2026-07-27,0.0,Hyderabad,70.2,108.7,0.0,1,0,0.35562000000000005,0.0
2026-08-03,0.0,Hyderabad,58.3,34.0,0.0,1,0,0.137,0.0
2026-08-10,0.0,Hyderabad,59.6,55.9,0.0,1,0,0.15274,0.0
2026-08-17,0.0,Hyderabad,80.5,30.0,0.0,1,0,0.329,0.0
2026-08-24,0.0,Hyderabad,0.0,75.0,0.0,1,0,0.045,0.0
2026-08-31,0.0,Hyderabad,16.0,72.7,0.0,1,0,0.07561999999999999,0.0
2026-09-07,0.0,Hyderabad,0.0,51.2,0.0,1,0,0.03072,0.0
2026-09-14,0.0,Hyderabad,162.2,94.5,0.0,1,0,0.5311,0.0
2026-09-21,0.0,Hyderabad,35.6,46.3,0.0,1,0,0.09898000000000001,0.0
2026-09-28,0.0,Hyderabad,0.0,61.4,0.0,1,0,0.03684,0.0
2026-10-05,0.0,Hyderabad,156.9,63.3,0.0,1,0,0.50178,0.0
2026-10-12,0.0,Hyderabad,113.2,72.7,0.0,1,0,0.27002000000000004,0.0
2026-10-19,0.0,Hyderabad,90.0,105.7,0.0,1,0,0.24342000000000003,0.0
2026-10-26,0.0,Hyderabad,9.5,101.8,0.0,1,0,0.08008,0.0
2026-11-02,0.0,Hyderabad,108.0,198.9,0.0,0,1,0.48534,0.0
2026-11-09,0.0,Hyderabad,0.0,181.8,0.0,0,1,0.10908000000000001,0.0
2026-11-16,0.0,Hyderabad,0.0,166.2,0.0,0,1,0.09971999999999999,0.0
2026-11-23,0.0,Hyderabad,9.6,215.4,0.0,0,1,0.14844,0.0
2026-11-30,0.0,Hyderabad,104.2,213.0,0.0,0,1,0.4862000000000001,0.0
2026-12-07,0.0,Hyderabad,59.7,180.0,0.0,0,1,0.2274,0.0
2026-12-14,0.0,Hyderabad,0.0,150.9,0.0,0,1,0.09054,0.0
2026-12-21,0.0,Hyderabad,0.0,194.8,0.0,0,1,0.11688,0.0
2024-01-01,0.0,Kolkata,0.0,299.0,597.0,0,1,0.17939999999999998,0.4856452261306533
2024-01-08,141701.0,Kolkata,137.9,332.4,527.0,0,1,0.62524,0.48494667931688806
2024-01-15,0.0,Kolkata,57.8,325.4,499.0,0,1,0.31083999999999995,0.48513867735470945
2024-01-22,62808.1,Kolkata,119.8,324.1,463.0,0,1,0.58406,0.4857570194384449
2024-01-29,0.0,Kolkata,0.0,237.4,443.0,0,1,0.14243999999999998,0.48646094808126406
2024-02-05,0.0,Kolkata,0.0,352.6,411.0,0,1,0.21156,0.4862486618004866
2024-02-12,0.0,Kolkata,0.0,288.2,388.0,0,1,0.17292,0.4863613402061856
2024-02-19,0.0,Kolkata,0.0,326.0,364.0,0,1,0.1956,0.4856587912087912
2024-02-26,0.0,Kolkata,0.0,335.6,338.0,0,1,0.20136,0.4852961538461539
2024-03-04,0.0,Kolkata,0.0,207.7,314.0,0,0,0.12462,0.4846054140127389
2024-03-11,0.0,Kolkata,0.0,159.6,297.0,0,0,0.09576,0.48487609427609424
2024-03-18,96825.96,Kolkata,0.0,179.0,276.0,0,0,0.25739999999999996,0.48386775362318835
2024-03-25,0.0,Kolkata,0.0,174.8,248.0,0,0,0.10488,0.48559879032258063
2024-04-01,0.0,Kolkata,0.0,159.6,226.0,0,0,0.09576,0.4863588495575221
2024-04-08,0.0,Kolkata,0.0,109.2,219.0,0,0,0.06552,0.4861018264840183
2024-04-15,0.0,Kolkata,0.0,187.0,209.0,0,0,0.1122,0.48661770334928234
2024-04-22,74319.57,Kolkata,38.8,128.3,198.0,0,0,0.30457999999999996,0.48749393939393937
2024-04-29,0.0,Kolkata,0.0,167.2,184.0,0,0,0.10031999999999999,0.48524782608695655
2024-05-06,0.0,Kolkata,0.0,135.2,176.0,0,0,0.08111999999999998,0.4865323863636364
2024-05-13,0.0,Kolkata,0.0,172.3,165.0,0,0,0.10338,0.4891654545454545
2024-05-20,0.0,Kolkata,0.0,88.8,156.0,0,0,0.05328,0.4897826923076923
2024-05-27,0.0,Kolkata,0.0,189.3,145.0,0,0,0.11358000000000001,0.4884110344827586
2024-06-03,0.0,Kolkata,0.0,106.5,137.0,1,0,0.0639,0.4889131386861314
2024-06-10,0.0,Kolkata,46.0,150.2,126.0,1,0,0.18212,0.4896865079365079
2024-06-17,0.0,Kolkata,26.1,57.7,121.0,1,0,0.08682000000000001,0.48875289256198345
2024-06-24,0.0,Kolkata,55.2,49.4,114.0,1,0,0.14004,0.4881026315789474
2024-07-01,0.0,Kolkata,47.0,141.2,109.0,1,0,0.17872,0.48696422018348623
2024-07-08,0.0,Kolkata,12.3,126.0,98.0,1,0,0.10020000000000001,0.4840663265306122
2024-07-15,0.0,Kolkata,18.1,115.3,92.0,1,0,0.10538,0.4863380434782609
2024-07-22,0.0,Kolkata,22.7,63.7,87.0,1,0,0.08362,0.4888229885057471
2024-07-29,0.0,Kolkata,0.0,158.2,82.0,1,0,0.09491999999999999,0.4913073170731707
2024-08-05,19946.59,Kolkata,88.0,156.8,78.0,1,0,0.27008000000000004,0.49394102564102566
2024-08-12,0.0,Kolkata,14.2,100.4,72.0,1,0,0.08864,0.49240694444444444
2024-08-19,12455.57,Kolkata,174.2,143.7,66.0,1,0,0.58462,0.49070454545454545
2024-08-26,0.0,Kolkata,41.8,153.5,63.0,1,0,0.17570000000000002,0.48702539682539686
2024-09-02,14490.01,Kolkata,111.9,156.3,59.0,1,0,0.46758,0.48977118644067796
2024-09-09,0.0,Kolkata,37.2,130.3,54.0,1,0,0.15258,0.49329259259259256
2024-09-16,0.0,Kolkata,32.4,186.7,51.0,1,0,0.17681999999999998,0.49583921568627454
2024-09-23,0.0,Kolkata,0.0,65.3,50.0,1,0,0.03918,0.497256
2024-09-30,0.0,Kolkata,22.0,143.1,49.0,1,0,0.12986,0.498769387755102
2024-10-07,0.0,Kolkata,0.0,104.1,48.0,1,0,0.062459999999999995,0.4996833333333333
2024-10-14,0.0,Kolkata,0.0,174.8,43.0,1,0,0.10488,0.503313953488372
2024-10-21,8523.07,Kolkata,109.7,122.0,41.0,1,0,0.4426,0.5059585365853658
2024-10-28,0.0,Kolkata,48.7,128.2,38.0,1,0,0.17432,0.5092578947368421
2024-11-04,0.0,Kolkata,0.0,289.4,37.0,0,1,0.17364,0.509535135135135
2024-11-11,0.0,Kolkata,0.0,236.6,36.0,0,1,0.14196,0.5028555555555555
2024-11-18,0.0,Kolkata,59.9,299.8,33.0,0,1,0.29968,0.49781212121212126
2024-11-25,0.0,Kolkata,0.0,299.7,33.0,0,1,0.17981999999999998,0.49781212121212126
2024-12-02,0.0,Kolkata,0.0,341.7,31.0,0,1,0.20502,0.5011387096774194
2024-12-09,0.0,Kolkata,47.1,232.4,28.0,0,1,0.23364,0.48608214285714285
2024-12-16,0.0,Kolkata,0.0,332.1,25.0,0,1,0.19926,0.489636
2024-12-23,5556.8099999999995,Kolkata,0.0,285.1,22.0,0,1,0.32106,0.4955772727272727
2024-12-30,0.0,Kolkata,0.0,359.5,21.0,0,1,0.21569999999999998,0.49802380952380954
2025-01-06,0.0,Kolkata,0.0,319.7,21.0,0,1,0.19182,0.49802380952380954
2025-01-13,0.0,Kolkata,5.1,311.4,20.0,0,1,0.19704,0.499405
2025-01-20,0.0,Kolkata,0.0,287.7,19.0,0,1,0.17262,0.5017052631578947
2025-01-27,5492.04,Kolkata,0.0,282.5,19.0,0,1,0.3195,0.5017052631578947
2025-02-03,0.0,Kolkata,11.2,310.1,18.0,0,1,0.20846000000000003,0.5049
2025-02-10,0.0,Kolkata,0.0,365.8,17.0,0,1,0.21948,0.5095999999999999
2025-02-17,0.0,Kolkata,0.0,247.9,15.0,0,1,0.14874,0.5110133333333333
2025-02-24,0.0,Kolkata,0.0,307.2,14.0,0,1,0.18431999999999998,0.5150214285714286
2025-03-03,3960.22,Kolkata,0.0,161.3,12.0,0,0,0.24678,0.49915833333333337
2025-03-10,0.0,Kolkata,0.0,76.2,11.0,0,0,0.045720000000000004,0.5059
2025-03-17,0.0,Kolkata,0.0,123.4,9.0,0,0,0.07404000000000001,0.49137777777777775
2025-03-24,0.0,Kolkata,58.9,245.4,9.0,0,0,0.26504,0.49137777777777775
2025-03-31,0.0,Kolkata,0.0,130.3,7.0,0,0,0.07818,0.4996714285714286
2025-04-07,0.0,Kolkata,0.0,186.2,7.0,0,0,0.11171999999999999,0.4996714285714286
2025-04-14,0.0,Kolkata,0.0,182.9,6.0,0,0,0.10974,0.507
2025-04-21,0.0,Kolkata,0.0,119.6,6.0,0,0,0.07175999999999999,0.507
2025-04-28,0.0,Kolkata,0.0,228.7,6.0,0,0,0.13721999999999998,0.507
2025-05-05,1032.31,Kolkata,0.0,104.1,6.0,0,0,0.21245999999999998,0.507
2025-05-12,0.0,Kolkata,0.0,100.8,5.0,0,0,0.06048,0.51726
2025-05-19,0.0,Kolkata,0.0,224.9,4.0,0,0,0.13494,0.5403249999999999
2025-05-26,0.0,Kolkata,0.0,143.6,4.0,0,0,0.08616,0.5403249999999999
2025-06-02,0.0,Kolkata,28.1,102.7,3.0,1,0,0.11782000000000001,0.4704333333333333
2025-06-09,0.0,Kolkata,20.2,50.7,3.0,1,0,0.07082,0.4704333333333333
2025-06-16,1182.74,Kolkata,175.6,177.4,3.0,1,0,0.60764,0.4704333333333333
2025-06-23,0.0,Kolkata,0.0,60.6,3.0,1,0,0.036359999999999996,0.4704333333333333
2025-06-30,0.0,Kolkata,0.0,200.4,3.0,1,0,0.12023999999999999,0.4704333333333333
2025-07-07,0.0,Kolkata,44.2,98.8,3.0,1,0,0.14768,0.4704333333333333
2025-07-14,0.0,Kolkata,35.2,153.2,3.0,1,0,0.31232,0.4704333333333333
2025-07-21,0.0,Kolkata,5.0,91.1,2.0,1,0,0.06466,0.47115
2025-07-28,0.0,Kolkata,11.2,236.1,2.0,1,0,0.16406,0.47115
2025-08-04,1478.28,Kolkata,106.8,132.2,2.0,1,0,0.44292,0.47115
2025-08-11,614.5,Kolkata,133.6,49.3,2.0,1,0,0.29678,0.47115
2025-08-18,0.0,Kolkata,60.4,30.0,2.0,1,0,0.1388,0.47115
2025-08-25,0.0,Kolkata,14.5,161.4,2.0,1,0,0.12584,0.47115
2025-09-01,0.0,Kolkata,31.8,109.7,2.0,1,0,0.12942,0.47115
2025-09-08,0.0,Kolkata,0.0,94.2,1.0,1,0,0.05652,0.4433
2025-09-15,279.32,Kolkata,109.9,172.6,1.0,1,0,0.47336,0.4433
2025-09-22,0.0,Kolkata,46.2,175.8,0.0,1,0,0.19788,0.0
2025-09-29,0.0,Kolkata,109.9,184.3,0.0,1,0,0.33038,0.0
2025-10-06,0.0,Kolkata,45.3,170.7,0.0,1,0,0.19302,0.0
2025-10-13,0.0,Kolkata,77.4,113.1,0.0,1,0,0.37266,0.0
2025-10-20,0.0,Kolkata,56.6,107.9,0.0,1,0,0.17794000000000004,0.0
2025-10-27,0.0,Kolkata,0.0,145.3,0.0,1,0,0.08718000000000001,0.0
2025-11-03,0.0,Kolkata,0.0,281.1,0.0,0,1,0.16866,0.0
2025-11-10,0.0,Kolkata,0.0,225.2,0.0,0,1,0.13512,0.0
2025-11-17,0.0,Kolkata,0.0,269.6,0.0,0,1,0.31176,0.0
2025-11-24,0.0,Kolkata,0.0,339.5,0.0,0,1,0.20370000000000002,0.0
2025-12-01,0.0,Kolkata,0.0,260.4,0.0,0,1,0.15623999999999996,0.0
2025-12-08,0.0,Kolkata,0.0,296.6,0.0,0,1,0.17796,0.0
2025-12-15,0.0,Kolkata,19.2,299.2,0.0,0,1,0.21792,0.0
2025-12-22,0.0,Kolkata,56.1,281.7,0.0,0,1,0.28122,0.0
2025-12-29,0.0,Kolkata,0.0,341.9,0.0,0,1,0.20514,0.0
2026-01-05,0.0,Kolkata,85.3,297.3,0.0,0,1,0.49898,0.0
2026-01-12,0.0,Kolkata,0.0,299.6,0.0,0,1,0.17976,0.0
2026-01-19,0.0,Kolkata,47.0,386.4,0.0,0,1,0.32583999999999996,0.0
2026-01-26,0.0,Kolkata,63.6,243.9,0.0,0,1,0.27354,0.0
2026-02-02,0.0,Kolkata,41.6,316.7,0.0,0,1,0.27322,0.0
2026-02-09,0.0,Kolkata,0.0,310.8,0.0,0,1,0.33648,0.0
2026-02-16,0.0,Kolkata,0.0,252.5,0.0,0,1,0.1515,0.0
2026-02-23,0.0,Kolkata,0.0,271.1,0.0,0,1,0.16266,0.0
2026-03-02,0.0,Kolkata,0.0,138.1,0.0,0,0,0.23286,0.0
2026-03-09,0.0,Kolkata,0.0,148.4,0.0,0,0,0.23903999999999997,0.0
2026-03-16,0.0,Kolkata,0.0,207.9,0.0,0,0,0.12473999999999999,0.0
2026-03-23,0.0,Kolkata,0.0,184.8,0.0,0,0,0.11088,0.0
2026-03-30,0.0,Kolkata,0.0,88.7,0.0,0,0,0.053219999999999996,0.0
2026-04-06,0.0,Kolkata,0.0,233.0,0.0,0,0,0.1398,0.0
2026-04-13,0.0,Kolkata,0.0,152.5,0.0,0,0,0.0915,0.0
2026-04-20,0.0,Kolkata,0.0,206.3,0.0,0,0,0.12378,0.0
2026-04-27,0.0,Kolkata,0.0,232.4,0.0,0,0,0.13943999999999998,0.0
2026-05-04,0.0,Kolkata,0.0,165.3,0.0,0,0,0.09918,0.0
2026-05-11,0.0,Kolkata,0.0,171.0,0.0,0,0,0.10260000000000001,0.0
2026-05-18,0.0,Kolkata,0.0,168.9,0.0,0,0,0.10134,0.0
2026-05-25,0.0,Kolkata,0.0,165.5,0.0,0,0,0.0993,0.0
2026-06-01,0.0,Kolkata,28.8,130.3,0.0,1,0,0.13578,0.0
2026-06-08,0.0,Kolkata,114.2,43.0,0.0,1,0,0.25420000000000004,0.0
2026-06-15,0.0,Kolkata,0.0,127.6,0.0,1,0,0.07655999999999999,0.0
2026-06-22,0.0,Kolkata,142.5,102.0,0.0,1,0,0.3462,0.0
2026-06-29,0.0,Kolkata,61.1,137.1,0.0,1,0,0.20446,0.0
2026-07-06,0.0,Kolkata,35.5,130.4,0.0,1,0,0.14923999999999998,0.0
2026-07-13,0.0,Kolkata,36.8,159.2,0.0,1,0,0.16912,0.0
2026-07-20,0.0,Kolkata,47.4,107.0,0.0,1,0,0.15899999999999997,0.0
2026-07-27,0.0,Kolkata,52.2,118.9,0.0,1,0,0.17574,0.0
2026-08-03,0.0,Kolkata,80.5,78.3,0.0,1,0,0.35798,0.0
2026-08-10,0.0,Kolkata,15.4,82.7,0.0,1,0,0.08042,0.0
2026-08-17,0.0,Kolkata,43.1,154.5,0.0,1,0,0.32889999999999997,0.0
2026-08-24,0.0,Kolkata,51.8,127.0,0.0,1,0,0.17980000000000002,0.0
2026-08-31,0.0,Kolkata,107.9,91.6,0.0,1,0,0.42076,0.0
2026-09-07,0.0,Kolkata,0.0,148.9,0.0,1,0,0.23934,0.0
2026-09-14,0.0,Kolkata,23.7,127.6,0.0,1,0,0.12395999999999999,0.0
2026-09-21,0.0,Kolkata,36.5,122.6,0.0,1,0,0.14656,0.0
2026-09-28,0.0,Kolkata,37.9,126.8,0.0,1,0,0.15188000000000001,0.0
2026-10-05,0.0,Kolkata,61.1,136.1,0.0,1,0,0.20385999999999999,0.0
2026-10-12,0.0,Kolkata,47.0,158.8,0.0,1,0,0.18928,0.0
2026-10-19,0.0,Kolkata,49.4,84.7,0.0,1,0,0.14962,0.0
2026-10-26,0.0,Kolkata,26.2,59.8,0.0,1,0,0.08828,0.0
2026-11-02,0.0,Kolkata,0.0,377.5,0.0,0,1,0.22649999999999998,0.0
2026-11-09,0.0,Kolkata,0.0,376.7,0.0,0,1,0.22601999999999997,0.0
2026-11-16,0.0,Kolkata,0.0,249.2,0.0,0,1,0.14952,0.0
2026-11-23,0.0,Kolkata,0.0,382.5,0.0,0,1,0.22949999999999998,0.0
2026-11-30,0.0,Kolkata,0.0,311.2,0.0,0,1,0.18671999999999997,0.0
2026-12-07,0.0,Kolkata,0.0,323.4,0.0,0,1,0.19403999999999996,0.0
2026-12-14,0.0,Kolkata,0.0,280.6,0.0,0,1,0.16836,0.0
2026-12-21,0.0,Kolkata,0.0,355.2,0.0,0,1,0.21312,0.0
2024-01-01,0.0,Mumbai,0.0,187.1,786.0,0,1,0.11225999999999998,0.5131974554707379
2024-01-08,0.0,Mumbai,0.0,198.1,678.0,0,1,0.11886,0.512223598820059
2024-01-15,0.0,Mumbai,37.2,254.4,628.0,0,1,0.22704000000000002,0.511657643312102
2024-01-22,0.0,Mumbai,33.7,285.4,585.0,0,1,0.23863999999999996,0.5115760683760684
2024-01-29,0.0,Mumbai,60.2,254.3,546.0,0,1,0.27298,0.5097269230769231
2024-02-05,170738.36,Mumbai,0.0,256.9,516.0,0,1,0.30413999999999997,0.5098063953488372
2024-02-12,0.0,Mumbai,0.0,223.6,481.0,0,1,0.13416,0.5109525987525988
2024-02-19,0.0,Mumbai,0.0,259.4,450.0,0,1,0.15563999999999997,0.5122164444444445
2024-02-26,0.0,Mumbai,53.3,275.4,416.0,0,1,0.27183999999999997,0.5120564903846154
2024-03-04,0.0,Mumbai,15.4,143.2,390.0,0,0,0.11671999999999999,0.5105617948717949
2024-03-11,0.0,Mumbai,0.0,103.4,367.0,0,0,0.06204,0.5114779291553133
2024-03-18,0.0,Mumbai,0.0,134.2,347.0,0,0,0.08052,0.5109132564841499
2024-03-25,0.0,Mumbai,50.6,113.0,329.0,0,0,0.169,0.5122580547112462
2024-04-01,0.0,Mumbai,0.0,147.9,310.0,0,0,0.08874,0.5138709677419355
2024-04-08,0.0,Mumbai,0.0,125.0,281.0,0,0,0.075,0.5144580071174377
2024-04-15,0.0,Mumbai,0.0,152.5,253.0,0,0,0.0915,0.5180458498023714
2024-04-22,0.0,Mumbai,10.6,181.8,249.0,0,0,0.13028,0.5171104417670683
2024-04-29,0.0,Mumbai,0.0,134.8,230.0,0,0,0.08088,0.5162373913043479
2024-05-06,0.0,Mumbai,0.0,184.8,212.0,0,0,0.11088,0.5150650943396227
2024-05-13,0.0,Mumbai,0.0,118.9,188.0,0,0,0.07134,0.5147904255319149
2024-05-20,0.0,Mumbai,0.0,149.5,170.0,0,0,0.08969999999999999,0.5179476470588236
2024-05-27,0.0,Mumbai,0.0,117.2,163.0,0,0,0.07032,0.5187748466257669
2024-06-03,0.0,Mumbai,39.3,94.9,157.0,1,0,0.13554,0.5183764331210191
2024-06-10,58310.05,Mumbai,155.3,131.0,145.0,1,0,0.38920000000000005,0.5183013793103448
2024-06-17,0.0,Mumbai,61.7,94.3,134.0,1,0,0.17998,0.5167141791044776
2024-06-24,28978.69,Mumbai,66.1,177.3,128.0,1,0,0.38858,0.5146453125
2024-07-01,0.0,Mumbai,56.8,99.4,119.0,1,0,0.17324,0.5107394957983193
2024-07-08,0.0,Mumbai,16.5,129.5,113.0,1,0,0.1107,0.5087433628318584
2024-07-15,0.0,Mumbai,8.1,118.5,108.0,1,0,0.0873,0.5110064814814814
2024-07-22,18484.96,Mumbai,199.3,92.7,102.0,1,0,0.45422000000000007,0.5135058823529411
2024-07-29,0.0,Mumbai,32.0,90.5,97.0,1,0,0.11829999999999999,0.5138989690721649
2024-08-05,0.0,Mumbai,60.0,81.1,94.0,1,0,0.16865999999999998,0.515027659574468
2024-08-12,35634.74,Mumbai,107.4,113.7,89.0,1,0,0.43302000000000007,0.5160168539325842
2024-08-19,0.0,Mumbai,32.6,148.1,86.0,1,0,0.15405999999999997,0.5176116279069768
2024-08-26,0.0,Mumbai,15.3,136.6,79.0,1,0,0.11256,0.5158329113924051
2024-09-02,0.0,Mumbai,23.2,105.3,72.0,1,0,0.10957999999999998,0.5168805555555556
2024-09-09,0.0,Mumbai,29.8,71.5,70.0,1,0,0.1025,0.5168728571428571
2024-09-16,0.0,Mumbai,24.2,68.3,69.0,1,0,0.08937999999999999,0.5165173913043478
2024-09-23,0.0,Mumbai,27.7,117.7,59.0,1,0,0.12602,0.5164881355932204
2024-09-30,0.0,Mumbai,54.4,112.1,55.0,1,0,0.17606,0.516
2024-10-07,9812.18,Mumbai,68.7,60.6,48.0,1,0,0.32376000000000005,0.5004520833333334
2024-10-14,0.0,Mumbai,37.3,68.5,43.0,1,0,0.1157,0.500620930232558
2024-10-21,8848.41,Mumbai,170.2,119.5,43.0,1,0,0.5621,0.500620930232558
2024-10-28,0.0,Mumbai,0.0,131.7,41.0,1,0,0.07901999999999999,0.5001878048780488
2024-11-04,0.0,Mumbai,0.0,251.4,39.0,0,1,0.15084,0.5015564102564103
2024-11-11,0.0,Mumbai,0.0,217.3,37.0,0,1,0.13038,0.49877027027027027
2024-11-18,0.0,Mumbai,0.0,256.5,35.0,0,1,0.1539,0.49664
2024-11-25,0.0,Mumbai,0.0,267.7,33.0,0,1,0.16061999999999999,0.4855878787878788
2024-12-02,10223.35,Mumbai,86.2,227.1,30.0,0,1,0.30866,0.48799333333333333
2024-12-09,0.0,Mumbai,52.9,267.8,23.0,0,1,0.26648000000000005,0.4862391304347826
2024-12-16,0.0,Mumbai,0.0,275.9,21.0,0,1,0.16554,0.48501428571428573
2024-12-23,0.0,Mumbai,0.0,223.7,20.0,0,1,0.13421999999999998,0.478865
2024-12-30,0.0,Mumbai,0.0,290.8,19.0,0,1,0.17448,0.47613684210526314
2025-01-06,0.0,Mumbai,0.0,214.0,17.0,0,1,0.1284,0.47429411764705887
2025-01-13,0.0,Mumbai,0.0,168.3,17.0,0,1,0.10098,0.47429411764705887
2025-01-20,0.0,Mumbai,0.0,230.8,17.0,0,1,0.13848,0.47429411764705887
2025-01-27,0.0,Mumbai,0.0,299.4,15.0,0,1,0.17964,0.4767933333333333
2025-02-03,0.0,Mumbai,0.0,210.2,14.0,0,1,0.12611999999999998,0.45727857142857137
2025-02-10,0.0,Mumbai,0.0,263.4,12.0,0,1,0.15803999999999999,0.45939166666666664
2025-02-17,0.0,Mumbai,34.1,264.6,12.0,0,1,0.22696,0.45939166666666664
2025-02-24,0.0,Mumbai,0.0,227.6,11.0,0,1,0.13656,0.4636181818181818
2025-03-03,0.0,Mumbai,0.0,166.6,11.0,0,0,0.09996,0.4636181818181818
2025-03-10,0.0,Mumbai,0.0,69.2,11.0,0,0,0.041519999999999994,0.4636181818181818
2025-03-17,0.0,Mumbai,33.8,113.8,10.0,0,0,0.13588,0.46297
2025-03-24,0.0,Mumbai,0.0,167.9,8.0,0,0,0.10074,0.47245
2025-03-31,0.0,Mumbai,0.0,130.1,8.0,0,0,0.07805999999999999,0.47245
2025-04-07,0.0,Mumbai,0.0,146.4,7.0,0,0,0.08784,0.4720142857142857
2025-04-14,0.0,Mumbai,0.0,100.1,7.0,0,0,0.060059999999999995,0.4720142857142857
2025-04-21,0.0,Mumbai,0.0,149.3,7.0,0,0,0.08958,0.4720142857142857
2025-04-28,0.0,Mumbai,0.0,104.4,7.0,0,0,0.06264,0.4720142857142857
2025-05-05,0.0,Mumbai,0.0,130.8,6.0,0,0,0.07848,0.46764999999999995
2025-05-12,0.0,Mumbai,0.0,117.4,6.0,0,0,0.07044,0.46764999999999995
2025-05-19,1207.73,Mumbai,67.6,120.0,6.0,0,0,0.35719999999999996,0.46764999999999995
2025-05-26,0.0,Mumbai,0.0,107.2,4.0,0,0,0.06432,0.48135
2025-06-02,0.0,Mumbai,59.2,144.9,4.0,1,0,0.20534000000000002,0.48135
2025-06-09,1900.02,Mumbai,86.6,64.7,4.0,1,0,0.21202000000000001,0.48135
2025-06-16,0.0,Mumbai,20.8,49.7,4.0,1,0,0.07142000000000001,0.48135
2025-06-23,1897.6100000000001,Mumbai,88.3,127.0,4.0,1,0,0.2528,0.48135
2025-06-30,0.0,Mumbai,34.0,65.3,4.0,1,0,0.10718,0.48135
2025-07-07,0.0,Mumbai,61.7,84.4,4.0,1,0,0.17404,0.48135
2025-07-14,0.0,Mumbai,27.1,95.7,4.0,1,0,0.11162,0.48135
2025-07-21,0.0,Mumbai,38.3,87.9,4.0,1,0,0.12934,0.48135
2025-07-28,0.0,Mumbai,49.8,84.8,2.0,1,0,0.15048,0.51045
2025-08-04,0.0,Mumbai,61.0,94.1,2.0,1,0,0.17845999999999998,0.51045
2025-08-11,0.0,Mumbai,39.5,104.0,2.0,1,0,0.14140000000000003,0.51045
2025-08-18,0.0,Mumbai,14.3,109.1,2.0,1,0,0.09405999999999999,0.51045
2025-08-25,0.0,Mumbai,50.3,58.5,2.0,1,0,0.13570000000000002,0.51045
2025-09-01,0.0,Mumbai,0.0,32.5,2.0,1,0,0.0195,0.51045
2025-09-08,0.0,Mumbai,73.8,98.6,2.0,1,0,0.35675999999999997,0.51045
2025-09-15,0.0,Mumbai,37.3,44.9,2.0,1,0,0.10153999999999999,0.51045
2025-09-22,0.0,Mumbai,55.1,68.9,2.0,1,0,0.15154,0.51045
2025-09-29,0.0,Mumbai,17.9,123.5,1.0,1,0,0.1099,0.4129
2025-10-06,0.0,Mumbai,18.9,90.6,1.0,1,0,0.09215999999999999,0.4129
2025-10-13,0.0,Mumbai,9.0,71.6,1.0,1,0,0.06096,0.4129
2025-10-20,0.0,Mumbai,19.5,117.7,1.0,1,0,0.25962,0.4129
2025-10-27,0.0,Mumbai,6.3,64.2,1.0,1,0,0.051120000000000006,0.4129
2025-11-03,0.0,Mumbai,0.0,221.5,1.0,0,1,0.1329,0.4129
2025-11-10,0.0,Mumbai,0.0,240.4,1.0,0,1,0.14424,0.4129
2025-11-17,0.0,Mumbai,17.9,221.2,0.0,0,1,0.16851999999999998,0.0
2025-11-24,0.0,Mumbai,0.0,172.4,0.0,0,1,0.10343999999999999,0.0
2025-12-01,0.0,Mumbai,0.0,212.4,0.0,0,1,0.12744,0.0
2025-12-08,0.0,Mumbai,0.0,221.9,0.0,0,1,0.13314,0.0
2025-12-15,0.0,Mumbai,0.0,164.5,0.0,0,1,0.0987,0.0
2025-12-22,0.0,Mumbai,10.1,231.3,0.0,0,1,0.15897999999999998,0.0
2025-12-29,0.0,Mumbai,0.0,239.9,0.0,0,1,0.14393999999999998,0.0
2026-01-05,0.0,Mumbai,102.5,239.5,0.0,0,1,0.49870000000000003,0.0
2026-01-12,0.0,Mumbai,0.0,220.1,0.0,0,1,0.13205999999999998,0.0
2026-01-19,0.0,Mumbai,0.0,229.3,0.0,0,1,0.13758,0.0
2026-01-26,0.0,Mumbai,0.0,258.5,0.0,0,1,0.1551,0.0
2026-02-02,0.0,Mumbai,0.0,221.9,0.0,0,1,0.13314,0.0
2026-02-09,0.0,Mumbai,0.0,266.9,0.0,0,1,0.16013999999999998,0.0
2026-02-16,0.0,Mumbai,105.6,217.7,0.0,0,1,0.34182,0.0
2026-02-23,0.0,Mumbai,0.0,268.7,0.0,0,1,0.16122,0.0
2026-03-02,0.0,Mumbai,0.0,46.5,0.0,0,0,0.027899999999999998,0.0
2026-03-09,0.0,Mumbai,0.0,161.7,0.0,0,0,0.09701999999999998,0.0
2026-03-16,0.0,Mumbai,0.0,103.8,0.0,0,0,0.06228,0.0
2026-03-23,0.0,Mumbai,0.0,137.0,0.0,0,0,0.08220000000000001,0.0
2026-03-30,0.0,Mumbai,0.0,93.2,0.0,0,0,0.055920000000000004,0.0
2026-04-06,0.0,Mumbai,0.0,119.0,0.0,0,0,0.07139999999999999,0.0
2026-04-13,0.0,Mumbai,9.8,145.5,0.0,0,0,0.1069,0.0
2026-04-20,0.0,Mumbai,0.0,124.4,0.0,0,0,0.07464,0.0
2026-04-27,0.0,Mumbai,0.0,70.7,0.0,0,0,0.04242,0.0
2026-05-04,0.0,Mumbai,52.1,178.4,0.0,0,0,0.21124,0.0
2026-05-11,0.0,Mumbai,0.0,210.8,0.0,0,0,0.12648,0.0
2026-05-18,0.0,Mumbai,0.0,128.7,0.0,0,0,0.07721999999999998,0.0
2026-05-25,0.0,Mumbai,0.0,152.8,0.0,0,0,0.24168,0.0
2026-06-01,0.0,Mumbai,62.7,79.9,0.0,1,0,0.17334,0.0
2026-06-08,0.0,Mumbai,36.2,97.1,0.0,1,0,0.13066,0.0
2026-06-15,0.0,Mumbai,41.4,84.2,0.0,1,0,0.28332,0.0
2026-06-22,0.0,Mumbai,60.4,97.1,0.0,1,0,0.17906,0.0
2026-06-29,0.0,Mumbai,23.6,76.0,0.0,1,0,0.0928,0.0
2026-07-06,0.0,Mumbai,54.3,30.0,0.0,1,0,0.1266,0.0
2026-07-13,0.0,Mumbai,168.6,67.0,0.0,1,0,0.5274,0.0
2026-07-20,0.0,Mumbai,96.2,63.7,0.0,1,0,0.38062,0.0
2026-07-27,0.0,Mumbai,0.0,33.5,0.0,1,0,0.0201,0.0
2026-08-03,0.0,Mumbai,45.1,126.1,0.0,1,0,0.16586,0.0
2026-08-10,0.0,Mumbai,56.2,87.4,0.0,1,0,0.16484000000000001,0.0
2026-08-17,0.0,Mumbai,13.9,104.8,0.0,1,0,0.09068,0.0
2026-08-24,0.0,Mumbai,9.3,140.2,0.0,1,0,0.10271999999999999,0.0
2026-08-31,0.0,Mumbai,74.2,113.9,0.0,1,0,0.21674,0.0
2026-09-07,0.0,Mumbai,41.2,74.7,0.0,1,0,0.12722,0.0
2026-09-14,0.0,Mumbai,15.9,112.5,0.0,1,0,0.0993,0.0
2026-09-21,0.0,Mumbai,108.1,75.4,0.0,1,0,0.41144000000000003,0.0
2026-09-28,0.0,Mumbai,40.1,120.0,0.0,1,0,0.1522,0.0
2026-10-05,0.0,Mumbai,53.9,111.3,0.0,1,0,0.17458,0.0
2026-10-12,0.0,Mumbai,33.4,50.5,0.0,1,0,0.09709999999999999,0.0
2026-10-19,0.0,Mumbai,31.3,111.1,0.0,1,0,0.12925999999999999,0.0
2026-10-26,0.0,Mumbai,6.9,127.5,0.0,1,0,0.0903,0.0
2026-11-02,0.0,Mumbai,0.0,316.7,0.0,0,1,0.19002,0.0
2026-11-09,0.0,Mumbai,62.2,203.6,0.0,0,1,0.24656,0.0
2026-11-16,0.0,Mumbai,0.0,246.4,0.0,0,1,0.14784,0.0
2026-11-23,0.0,Mumbai,0.0,249.6,0.0,0,1,0.14975999999999998,0.0
2026-11-30,0.0,Mumbai,0.0,213.5,0.0,0,1,0.1281,0.0
2026-12-07,0.0,Mumbai,0.0,283.7,0.0,0,1,0.17022,0.0
2026-12-14,0.0,Mumbai,0.0,226.3,0.0,0,1,0.13577999999999998,0.0
2026-12-21,0.0,Mumbai,59.9,192.9,0.0,0,1,0.23554000000000003,0.0
2024-01-01,0.0,Pune,0.0,174.8,375.0,0,1,0.10488,0.296736
2024-01-08,0.0,Pune,0.0,197.0,334.0,0,1,0.1182,0.2961883233532934
2024-01-15,0.0,Pune,0.0,137.3,316.0,0,1,0.08238,0.2968518987341772
2024-01-22,0.0,Pune,0.0,149.9,302.0,0,1,0.08994,0.2958
2024-01-29,0.0,Pune,0.0,227.7,283.0,0,1,0.13662,0.29684558303886927
2024-02-05,0.0,Pune,0.0,201.2,269.0,0,1,0.12072,0.2972561338289963
2024-02-12,0.0,Pune,0.0,185.3,259.0,0,1,0.11118000000000001,0.29706911196911195
2024-02-19,0.0,Pune,0.0,143.1,246.0,0,1,0.08586,0.2973930894308943
2024-02-26,0.0,Pune,0.0,172.1,237.0,0,1,0.10326,0.29675316455696205
2024-03-04,0.0,Pune,0.0,94.0,229.0,0,0,0.0564,0.29726550218340614
2024-03-11,0.0,Pune,0.0,104.2,211.0,0,0,0.06251999999999999,0.29794312796208533
2024-03-18,0.0,Pune,0.0,85.3,197.0,0,0,0.051179999999999996,0.29774162436548224
2024-03-25,0.0,Pune,0.0,107.3,187.0,0,0,0.06437999999999999,0.2976807486631016
2024-04-01,0.0,Pune,0.0,70.8,174.0,0,0,0.04248,0.29796666666666666
2024-04-08,0.0,Pune,0.0,63.5,162.0,0,0,0.0381,0.29633641975308644
2024-04-15,0.0,Pune,0.0,97.9,153.0,0,0,0.05874,0.2954875816993464
2024-04-22,0.0,Pune,0.0,102.2,144.0,0,0,0.06132,0.2943152777777778
2024-04-29,0.0,Pune,0.0,80.2,139.0,0,0,0.04812,0.29368561151079137
2024-05-06,0.0,Pune,0.0,63.9,133.0,0,0,0.03834,0.2940751879699248
2024-05-13,0.0,Pune,0.0,85.3,122.0,0,0,0.051179999999999996,0.29527868852459016
2024-05-20,0.0,Pune,0.0,89.5,113.0,0,0,0.0537,0.29503982300884957
2024-05-27,0.0,Pune,0.0,67.0,108.0,0,0,0.0402,0.29466296296296296
2024-06-03,0.0,Pune,61.8,93.5,102.0,1,0,0.1797,0.29315098039215687
2024-06-10,0.0,Pune,0.0,84.0,94.0,1,0,0.0504,0.2941712765957447
2024-06-17,0.0,Pune,0.0,70.1,93.0,1,0,0.04205999999999999,0.29516129032258065
2024-06-24,0.0,Pune,50.3,72.3,89.0,1,0,0.14398,0.29448876404494384
2024-07-01,28921.0,Pune,81.4,72.0,83.0,1,0,0.356,0.2947542168674699
2024-07-08,0.0,Pune,18.5,112.4,76.0,1,0,0.10444,0.2965513157894737
2024-07-15,0.0,Pune,15.4,85.1,70.0,1,0,0.08185999999999999,0.29656285714285713
2024-07-22,0.0,Pune,49.9,68.3,65.0,1,0,0.14078,0.29708
2024-07-29,0.0,Pune,38.1,59.4,61.0,1,0,0.11184,0.29704098360655734
2024-08-05,0.0,Pune,0.0,75.0,56.0,1,0,0.045,0.29568392857142856
2024-08-12,0.0,Pune,0.0,59.5,51.0,1,0,0.035699999999999996,0.2948588235294118
2024-08-19,0.0,Pune,0.0,56.2,48.0,1,0,0.03372,0.29243125
2024-08-26,15695.3,Pune,185.8,60.3,44.0,1,0,0.40778000000000003,0.29464318181818183
2024-09-02,5012.97,Pune,133.7,64.1,41.0,1,0,0.30586,0.2975829268292683
2024-09-09,0.0,Pune,0.0,43.6,37.0,1,0,0.02616,0.2955864864864865
2024-09-16,0.0,Pune,0.0,45.3,37.0,1,0,0.02718,0.2955864864864865
2024-09-23,0.0,Pune,0.0,72.7,35.0,1,0,0.04362,0.30092857142857143
2024-09-30,0.0,Pune,0.0,64.2,31.0,1,0,0.038520000000000006,0.30216129032258066
2024-10-07,0.0,Pune,0.0,42.2,25.0,1,0,0.02532,0.301464
2024-10-14,0.0,Pune,0.0,74.7,25.0,1,0,0.04482,0.301464
2024-10-21,0.0,Pune,39.6,72.1,23.0,1,0,0.12246000000000001,0.3000869565217391
2024-10-28,0.0,Pune,60.3,66.5,22.0,1,0,0.1605,0.29697727272727276
2024-11-04,0.0,Pune,0.0,180.8,20.0,0,1,0.10848000000000001,0.295275
2024-11-11,0.0,Pune,0.0,153.1,18.0,0,1,0.09185999999999998,0.29689444444444446
2024-11-18,0.0,Pune,0.0,139.2,16.0,0,1,0.08352,0.29014375
2024-11-25,0.0,Pune,0.0,187.7,14.0,0,1,0.11261999999999998,0.29673571428571427
2024-12-02,0.0,Pune,0.0,166.9,14.0,0,1,0.10013999999999999,0.29673571428571427
2024-12-09,0.0,Pune,39.4,143.7,14.0,0,1,0.16502,0.29673571428571427
2024-12-16,0.0,Pune,0.0,144.7,14.0,0,1,0.08682,0.29673571428571427
2024-12-23,0.0,Pune,0.0,171.8,14.0,0,1,0.10308,0.29673571428571427
2024-12-30,0.0,Pune,0.0,162.2,14.0,0,1,0.09731999999999999,0.29673571428571427
2025-01-06,0.0,Pune,0.0,150.9,14.0,0,1,0.09054,0.29673571428571427
2025-01-13,0.0,Pune,0.0,176.7,13.0,0,1,0.10601999999999999,0.2912153846153846
2025-01-20,0.0,Pune,0.0,140.4,13.0,0,1,0.08424,0.2912153846153846
2025-01-27,0.0,Pune,0.0,161.9,12.0,0,1,0.09714,0.28920833333333335
2025-02-03,0.0,Pune,0.0,215.9,9.0,0,1,0.12954,0.2930111111111111
2025-02-10,0.0,Pune,0.0,162.9,8.0,0,1,0.09774000000000001,0.285775
2025-02-17,0.0,Pune,0.0,149.3,8.0,0,1,0.08958,0.285775
2025-02-24,0.0,Pune,0.0,108.8,8.0,0,1,0.06527999999999999,0.285775
2025-03-03,0.0,Pune,0.0,113.9,8.0,0,0,0.06834,0.285775
2025-03-10,0.0,Pune,0.0,120.1,8.0,0,0,0.07206,0.285775
2025-03-17,0.0,Pune,0.0,89.3,8.0,0,0,0.053579999999999996,0.285775
2025-03-24,0.0,Pune,0.0,91.3,8.0,0,0,0.054779999999999995,0.285775
2025-03-31,0.0,Pune,0.0,66.5,8.0,0,0,0.0399,0.285775
2025-04-07,0.0,Pune,0.0,49.5,8.0,0,0,0.0297,0.285775
2025-04-14,0.0,Pune,0.0,61.4,8.0,0,0,0.03684,0.285775
2025-04-21,0.0,Pune,0.0,91.3,7.0,0,0,0.054779999999999995,0.2764714285714286
2025-04-28,0.0,Pune,0.0,122.0,7.0,0,0,0.0732,0.2764714285714286
2025-05-05,0.0,Pune,0.0,96.7,7.0,0,0,0.05802,0.2764714285714286
2025-05-12,0.0,Pune,0.0,122.0,6.0,0,0,0.0732,0.27
2025-05-19,0.0,Pune,0.0,103.2,6.0,0,0,0.061919999999999996,0.27
2025-05-26,0.0,Pune,0.0,72.4,6.0,0,0,0.04344,0.27
2025-06-02,0.0,Pune,0.0,71.4,6.0,1,0,0.04284,0.27
2025-06-09,0.0,Pune,0.0,47.2,6.0,1,0,0.02832,0.27
2025-06-16,0.0,Pune,54.3,72.3,6.0,1,0,0.15198,0.27
2025-06-23,1221.32,Pune,88.4,75.2,5.0,1,0,0.37192000000000003,0.2752
2025-06-30,1378.21,Pune,100.3,75.1,4.0,1,0,0.39566,0.28300000000000003
2025-07-07,0.0,Pune,34.3,45.1,3.0,1,0,0.09566,0.28376666666666667
2025-07-14,0.0,Pune,0.0,41.0,3.0,1,0,0.0246,0.28376666666666667
2025-07-21,0.0,Pune,9.2,71.0,3.0,1,0,0.06099999999999999,0.28376666666666667
2025-07-28,0.0,Pune,0.0,42.2,2.0,1,0,0.02532,0.2853
2025-08-04,0.0,Pune,0.0,58.6,2.0,1,0,0.03516,0.2853
2025-08-11,0.0,Pune,0.0,85.9,2.0,1,0,0.05154,0.2853
2025-08-18,0.0,Pune,111.5,71.0,1.0,1,0,0.41559999999999997,0.2021
2025-08-25,0.0,Pune,0.0,59.2,1.0,1,0,0.03552,0.2021
2025-09-01,0.0,Pune,20.5,54.5,1.0,1,0,0.0737,0.2021
2025-09-08,0.0,Pune,0.0,45.2,0.0,1,0,0.027120000000000002,0.0
2025-09-15,0.0,Pune,0.0,71.4,0.0,1,0,0.04284,0.0
2025-09-22,0.0,Pune,0.0,36.4,0.0,1,0,0.021840000000000002,0.0
2025-09-29,0.0,Pune,49.4,32.0,0.0,1,0,0.118,0.0
2025-10-06,0.0,Pune,11.1,44.7,0.0,1,0,0.04902,0.0
2025-10-13,0.0,Pune,47.5,30.0,0.0,1,0,0.113,0.0
2025-10-20,0.0,Pune,13.9,82.1,0.0,1,0,0.07705999999999999,0.0
2025-10-27,0.0,Pune,0.0,86.2,0.0,1,0,0.051719999999999995,0.0
2025-11-03,0.0,Pune,0.0,148.5,0.0,0,1,0.0891,0.0
2025-11-10,0.0,Pune,0.0,157.7,0.0,0,1,0.09461999999999998,0.0
2025-11-17,0.0,Pune,0.0,189.3,0.0,0,1,0.11358000000000001,0.0
2025-11-24,0.0,Pune,0.0,157.8,0.0,0,1,0.09468000000000001,0.0
2025-12-01,0.0,Pune,0.0,146.8,0.0,0,1,0.08808,0.0
2025-12-08,0.0,Pune,0.0,170.9,0.0,0,1,0.10253999999999999,0.0
2025-12-15,0.0,Pune,0.0,182.1,0.0,0,1,0.10925999999999998,0.0
2025-12-22,0.0,Pune,0.0,156.9,0.0,0,1,0.09414,0.0
2025-12-29,0.0,Pune,0.0,181.5,0.0,0,1,0.1089,0.0
2026-01-05,0.0,Pune,0.0,165.1,0.0,0,1,0.09906,0.0
2026-01-12,0.0,Pune,0.0,167.8,0.0,0,1,0.10068,0.0
2026-01-19,0.0,Pune,0.0,191.5,0.0,0,1,0.1149,0.0
2026-01-26,0.0,Pune,0.0,165.2,0.0,0,1,0.09911999999999999,0.0
2026-02-02,0.0,Pune,0.0,134.4,0.0,0,1,0.08064,0.0
2026-02-09,0.0,Pune,93.3,155.0,0.0,0,1,0.27959999999999996,0.0
2026-02-16,0.0,Pune,24.9,183.7,0.0,0,1,0.16002,0.0
2026-02-23,0.0,Pune,0.0,195.2,0.0,0,1,0.11711999999999999,0.0
2026-03-02,0.0,Pune,0.0,76.9,0.0,0,0,0.04614000000000001,0.0
2026-03-09,0.0,Pune,0.0,73.3,0.0,0,0,0.04398,0.0
2026-03-16,0.0,Pune,0.0,80.0,0.0,0,0,0.048,0.0
2026-03-23,0.0,Pune,0.0,42.6,0.0,0,0,0.02556,0.0
2026-03-30,0.0,Pune,0.0,96.3,0.0,0,0,0.05778,0.0
2026-04-06,0.0,Pune,0.0,87.6,0.0,0,0,0.052559999999999996,0.0
2026-04-13,0.0,Pune,0.0,95.2,0.0,0,0,0.057120000000000004,0.0
2026-04-20,0.0,Pune,0.0,49.2,0.0,0,0,0.029519999999999998,0.0
2026-04-27,0.0,Pune,0.0,79.6,0.0,0,0,0.04775999999999999,0.0
2026-05-04,0.0,Pune,0.0,104.3,0.0,0,0,0.06258,0.0
2026-05-11,0.0,Pune,0.0,89.3,0.0,0,0,0.053579999999999996,0.0
2026-05-18,0.0,Pune,0.0,96.5,0.0,0,0,0.0579,0.0
2026-05-25,0.0,Pune,0.0,88.6,0.0,0,0,0.05316,0.0
2026-06-01,0.0,Pune,115.8,81.5,0.0,1,0,0.28049999999999997,0.0
2026-06-08,0.0,Pune,0.0,98.1,0.0,1,0,0.058859999999999996,0.0
2026-06-15,0.0,Pune,39.5,74.6,0.0,1,0,0.12376000000000001,0.0
2026-06-22,0.0,Pune,94.7,71.1,0.0,1,0,0.38206,0.0
2026-06-29,0.0,Pune,40.6,54.4,0.0,1,0,0.11384,0.0
2026-07-06,0.0,Pune,19.2,94.0,0.0,1,0,0.0948,0.0
2026-07-13,0.0,Pune,12.9,57.2,0.0,1,0,0.06012,0.0
2026-07-20,0.0,Pune,20.8,62.0,0.0,1,0,0.2288,0.0
2026-07-27,0.0,Pune,0.0,88.0,0.0,1,0,0.05279999999999999,0.0
2026-08-03,0.0,Pune,0.0,52.8,0.0,1,0,0.03168,0.0
2026-08-10,0.0,Pune,0.0,80.8,0.0,1,0,0.048479999999999995,0.0
2026-08-17,0.0,Pune,55.6,33.3,0.0,1,0,0.13118000000000002,0.0
2026-08-24,0.0,Pune,0.0,63.0,0.0,1,0,0.0378,0.0
2026-08-31,0.0,Pune,48.4,87.6,0.0,1,0,0.14936,0.0
2026-09-07,0.0,Pune,5.4,63.6,0.0,1,0,0.048960000000000004,0.0
2026-09-14,0.0,Pune,14.9,54.8,0.0,1,0,0.06267999999999999,0.0
2026-09-21,0.0,Pune,0.0,101.6,0.0,1,0,0.06095999999999999,0.0
2026-09-28,0.0,Pune,103.6,68.3,0.0,1,0,0.39818,0.0
2026-10-05,0.0,Pune,31.8,76.5,0.0,1,0,0.1095,0.0
2026-10-12,0.0,Pune,97.3,84.4,0.0,1,0,0.39524,0.0
2026-10-19,0.0,Pune,0.0,64.0,0.0,1,0,0.0384,0.0
2026-10-26,0.0,Pune,184.1,63.1,0.0,1,0,0.55606,0.0
2026-11-02,0.0,Pune,0.0,150.2,0.0,0,1,0.09011999999999999,0.0
2026-11-09,0.0,Pune,0.0,144.6,0.0,0,1,0.08676,0.0
2026-11-16,0.0,Pune,0.0,181.4,0.0,0,1,0.10884,0.0
2026-11-23,0.0,Pune,0.0,134.7,0.0,0,1,0.08081999999999999,0.0
2026-11-30,0.0,Pune,0.0,155.0,0.0,0,1,0.093,0.0
2026-12-07,0.0,Pune,0.0,181.6,0.0,0,1,0.10895999999999999,0.0
2026-12-14,0.0,Pune,0.0,158.4,0.0,0,1,0.09504,0.0
2026-12-21,0.0,Pune,0.0,135.0,0.0,0,1,0.081,0.0
